# Blender 5.0.1
# www.blender.org
mtllib Scale_Halle.mtl
o Cube.011
v -14.593357 18.361488 6.176157
v -10.446262 -17.827370 7.004274
v -14.593349 19.423855 -1.332886
v -10.446262 -17.827370 10.439674
v -10.967674 19.423855 -1.332886
v -10.446262 -12.055049 7.004274
v -14.593357 18.361488 10.844326
v -10.446262 -12.055049 10.439674
v -14.593349 19.967184 -1.332886
v -14.593357 19.967199 6.176157
v -10.967674 19.967184 -1.332886
v -13.827869 19.423855 -1.332886
v -14.593357 19.967199 10.844326
v -10.446262 -11.477817 7.004274
v -10.446262 -11.477817 10.439674
v -13.827869 19.967184 -1.332886
v -10.446262 -5.705496 7.004274
v -10.202156 18.361488 6.176157
v -10.446262 -5.705496 10.439674
v -10.202194 19.423855 -1.332886
v -10.202156 18.361488 10.844326
v -14.593349 13.121235 -1.332886
v -10.202156 19.967199 6.176157
v -14.593349 13.664564 -1.332886
v -10.202194 19.967184 -1.332886
v -10.446262 -5.128263 7.004274
v -10.202156 19.967199 10.844326
v -10.446262 -5.128263 10.439674
v -10.446262 0.644058 7.004274
v -14.593357 -18.391899 6.176157
v -10.446262 0.644058 10.439674
v -13.827869 13.121235 -1.332886
v -10.967674 13.121235 -1.332886
v -14.593357 -18.391899 10.844326
v -13.827869 13.664564 -1.332886
v -10.202156 -18.391899 10.844326
v -10.446262 1.221291 7.004274
v -14.593349 6.818616 -1.332886
v -10.446262 1.221291 10.439674
v -10.967674 13.664564 -1.332886
v -10.446262 6.993610 7.004274
v -10.202156 -18.391899 6.176157
v -10.446262 6.993610 10.439674
v -10.202194 13.121235 -1.332886
v -14.593349 7.361945 -1.332886
v -10.202194 13.664564 -1.332886
v -10.967674 6.818616 -1.332886
v -13.827869 6.818616 -1.332886
v -10.446262 7.570843 7.004274
v -10.967674 7.361945 -1.332886
v -10.446262 7.570843 10.439674
v -10.202194 6.818616 -1.332886
v -13.827869 7.361945 -1.332886
v -10.446262 13.343163 7.004274
v -10.446262 13.343163 10.439674
v -10.202194 7.361945 -1.332886
v -10.967674 0.515997 -1.332886
v -14.593349 0.515997 -1.332886
v -10.967674 1.059326 -1.332886
v -14.593349 1.059326 -1.332886
v -10.202194 0.515997 -1.332886
v -10.446262 13.920395 7.004274
v -10.202194 1.059326 -1.332886
v -10.446262 13.920395 10.439674
v -10.967674 -5.786623 -1.332886
v -10.446262 19.692715 7.004274
v -10.446262 19.692715 10.439674
v -13.827869 0.515997 -1.332886
v -10.967674 -5.243294 -1.332886
v -10.202194 -5.786623 -1.332886
v -13.827869 1.059326 -1.332886
v -10.202194 -5.243294 -1.332886
v -10.967674 -12.089243 -1.332886
v -14.593349 -5.786623 -1.332886
v -10.967674 -11.545914 -1.332886
v -10.202194 -12.089243 -1.332886
v -14.593349 -5.243294 -1.332886
v -10.202194 -11.545914 -1.332886
v -10.967674 -18.391861 -1.332886
v -13.827869 -5.786623 -1.332886
v -10.967674 -17.848534 -1.332886
v -13.827869 -5.243294 -1.332886
v -10.202194 -18.391861 -1.332886
v -10.202194 -17.848534 -1.332886
v -10.967674 19.423855 6.176157
v -14.593349 -12.089243 -1.332886
v -10.967674 19.967184 6.176157
v -10.202194 19.423855 6.176157
v -14.593349 -11.545914 -1.332886
v -10.202194 19.967184 6.176157
v -13.827869 -12.089243 -1.332886
v -10.967674 -11.545914 6.176157
v -10.967674 -5.786623 6.176157
v -13.827869 -11.545914 -1.332886
v -10.967674 -5.243294 6.176157
v -10.967674 0.515997 6.176157
v -14.593349 -18.391861 -1.332886
v -10.967674 1.059326 6.176157
v -10.967674 6.818616 6.176157
v -10.967674 13.121235 6.176157
v -14.593349 -17.848534 -1.332886
v -10.967674 7.361945 6.176157
v -10.967674 13.664564 6.176157
v -13.827869 -18.391861 -1.332886
v -10.202194 13.121235 6.176157
v -10.202194 7.361945 6.176157
v -13.827869 -17.848534 -1.332886
v -10.202194 13.664564 6.176157
v -10.202194 0.515997 6.176157
v -10.202194 -5.243294 6.176157
v -10.202194 1.059326 6.176157
v -10.202194 6.818616 6.176157
v -10.202194 -17.848534 6.176157
v -10.202194 -12.089243 6.176157
v -10.202194 -11.545914 6.176157
v -10.202194 -5.786623 6.176157
v -10.967674 -18.391861 6.176157
v -10.967674 -17.848534 6.176157
v -10.967674 -12.089243 6.176157
v -10.202194 -18.391861 6.176157
v -14.593349 19.423855 6.176157
v -14.593349 19.967184 6.176157
v -13.827869 19.423855 6.176157
v -13.827869 19.967184 6.176157
v -13.827869 -18.391861 6.176157
v -13.827869 -17.848534 6.176157
v -14.593349 -18.391861 6.176157
v -14.593349 -17.848534 6.176157
v -14.593349 -12.089243 6.176157
v -14.593349 -11.545914 6.176157
v -14.593349 -5.786623 6.176157
v -14.593349 -5.243294 6.176157
v -14.593349 0.515997 6.176157
v -14.593349 1.059326 6.176157
v -14.593349 6.818616 6.176157
v -14.593349 7.361945 6.176157
v -14.593349 13.121235 6.176157
v -14.593349 13.664564 6.176157
v -13.827869 -11.545914 6.176157
v -13.827869 -5.786623 6.176157
v -13.827869 13.664564 6.176157
v -13.827869 7.361945 6.176157
v -13.827869 13.121235 6.176157
v -13.827869 -5.243294 6.176157
v -13.827869 0.515997 6.176157
v -13.827869 1.059326 6.176157
v -13.827869 6.818616 6.176157
v -13.827869 -12.089243 6.176157
v -10.202156 19.692715 10.439674
v -10.202156 19.692715 7.004274
v -10.202156 18.361488 7.004274
v -10.202156 18.361488 10.439674
v -10.202156 -12.055049 10.439674
v -10.202156 -11.477817 10.439674
v -10.202156 -5.128263 10.439674
v -10.202156 -5.705496 10.439674
v -10.202156 0.644058 10.439674
v -10.202156 1.221291 10.439674
v -10.202156 6.993610 10.439674
v -10.202156 7.570843 10.439674
v -10.202156 13.920395 7.004274
v -10.202156 13.343163 10.439674
v -10.202156 13.920395 10.439674
v -10.202156 13.343163 7.004274
v -10.202156 -17.827370 7.004274
v -10.202156 -17.827370 10.439674
v -10.202156 -12.055049 7.004274
v -10.202156 -11.477817 7.004274
v -10.202156 -5.705496 7.004274
v -10.202156 -5.128263 7.004274
v -10.202156 0.644058 7.004274
v -10.202156 1.221291 7.004274
v -10.202156 6.993610 7.004274
v -10.202156 7.570843 7.004274
v -14.593357 19.967199 6.176157
v -14.593357 19.967199 10.844326
v -10.202156 19.967199 6.176157
v -10.202156 19.967199 10.844326
v -10.202156 19.692715 10.439674
v -10.202156 19.692715 7.004274
v -10.202156 -12.055049 10.439674
v -10.202156 -12.055049 7.004274
v -10.202156 -5.705496 10.439674
v -10.202156 -5.705496 7.004274
v -10.202156 13.343163 10.439674
v -10.202156 13.343163 7.004274
v -10.202156 6.993610 10.439674
v -10.202156 6.993610 7.004274
v -10.202156 0.644058 10.439674
v -10.202156 0.644058 7.004274
v -10.446262 -12.055049 7.004274
v -10.446262 -12.055049 10.439674
v -10.446262 -5.705496 7.004274
v -10.446262 -5.705496 10.439674
v -10.446262 0.644058 7.004274
v -10.446262 0.644058 10.439674
v -10.446262 6.993610 7.004274
v -10.446262 6.993610 10.439674
v -10.446262 13.343163 7.004274
v -10.446262 13.343163 10.439674
v -10.446262 19.692715 7.004274
v -10.446262 19.692715 10.439674
v -14.593357 23.069313 9.357582
v -14.593357 24.608034 10.844326
v -10.202156 23.069313 9.357582
v -10.202156 24.608034 10.844326
v -14.593357 32.172592 9.357582
v -14.593357 32.172592 10.844326
v -10.202156 32.172592 9.357582
v -10.202156 32.172592 10.844326
vn -1.0000 -0.0000 -0.0000
vn -0.0000 -0.0000 1.0000
vn 1.0000 -0.0000 -0.0000
vn 0.0022 -0.0000 -1.0000
vn -0.0073 -0.0000 -1.0000
vn -0.0000 -0.0000 -1.0000
vn -0.0000 -1.0000 -0.0000
vn -0.0000 1.0000 -0.0000
vn -0.0000 0.7160 -0.6981
vt 0.121697 0.041860
vt 0.000000 0.041860
vt 0.000000 0.000000
vt 0.121697 0.000000
vt 0.594042 0.555505
vt 0.221805 0.958140
vt 0.243393 0.958140
vt 0.243393 1.000000
vt 0.121697 1.000000
vt 0.121697 0.958140
vt 0.132246 0.958140
vt 0.132246 0.992844
vt 0.221805 0.992844
vt 0.357869 0.958140
vt 0.243393 0.958140
vt 0.243393 0.000000
vt 0.357869 0.000000
vt 0.357869 1.000000
vt 0.357870 0.985835
vt 0.357870 1.000000
vt 0.472345 1.000000
vt 0.472345 1.000000
vt 0.472345 0.985835
vt 0.472345 0.958140
vt 0.377826 1.000000
vt 0.377826 0.985835
vt 0.452390 0.985835
vt 0.452390 1.000000
vt 0.243393 1.000000
vt 0.594042 0.677202
vt 0.594042 0.555505
vt 0.708518 0.555505
vt 0.708518 0.677202
vt 0.132246 0.165198
vt 0.221805 0.165198
vt 0.221805 0.180246
vt 0.132246 0.180246
vt 0.132246 0.345776
vt 0.132246 0.330727
vt 0.221805 0.330727
vt 0.221805 0.345776
vt 0.121697 0.000000
vt 0.243393 0.000000
vt 0.221805 0.842363
vt 0.221805 0.827315
vt 0.221805 0.676834
vt 0.221805 0.661786
vt 0.221805 0.511305
vt 0.221805 0.496257
vt 0.221805 0.014717
vt 0.132246 0.014717
vt 0.132246 0.496257
vt 0.132246 0.511305
vt 0.132246 0.661786
vt 0.132246 0.676834
vt 0.132246 0.827315
vt 0.132246 0.842363
vt 0.121697 1.000000
vt -0.000000 1.000000
vt 0.357870 0.000001
vt 0.357870 0.014165
vt 0.357870 0.164307
vt 0.357870 0.178471
vt 0.377826 0.178471
vt 0.377826 0.328612
vt 0.357870 0.328612
vt 0.357870 0.342777
vt 0.377826 0.342777
vt 0.377826 0.492918
vt 0.357870 0.492918
vt 0.357870 0.507082
vt 0.377826 0.507082
vt 0.377826 0.657224
vt 0.357870 0.657224
vt 0.357870 0.671388
vt 0.377826 0.671388
vt 0.377826 0.821530
vt 0.357870 0.821530
vt 0.357870 0.835694
vt 0.472345 0.000001
vt 0.472345 0.000000
vt 0.472345 0.835694
vt 0.472345 0.821530
vt 0.452390 0.821530
vt 0.452390 0.671388
vt 0.472345 0.671388
vt 0.472345 0.657224
vt 0.452390 0.657224
vt 0.452390 0.507082
vt 0.472345 0.507082
vt 0.472345 0.492918
vt 0.472345 0.342777
vt 0.472345 0.328612
vt 0.472345 0.178471
vt 0.472345 0.164307
vt 0.472345 0.014165
vt 0.452390 0.000001
vt 0.452390 0.014165
vt 0.452390 0.164307
vt 0.452390 0.178471
vt 0.452390 0.328612
vt 0.452390 0.342777
vt 0.452390 0.492918
vt 0.452390 0.835694
vt 0.377826 0.835694
vt 0.377826 0.164307
vt 0.377826 0.014165
vt 0.377826 0.000001
vt 0.931975 0.701746
vt 0.917811 0.701746
vt 0.917811 0.505989
vt 0.931975 0.505989
vt 0.818033 0.310233
vt 0.798077 0.310233
vt 0.798077 0.114476
vt 0.818033 0.114476
vt 0.931975 0.701746
vt 0.931975 0.897502
vt 0.917811 0.897502
vt 0.917811 0.701746
vt 0.818033 0.505989
vt 0.798077 0.505989
vt 0.576069 0.832132
vt 0.576069 0.852087
vt 0.561904 0.852087
vt 0.561904 0.832132
vt 0.946139 0.701746
vt 0.931975 0.701746
vt 0.931975 0.505989
vt 0.946139 0.505989
vt 0.818033 0.701746
vt 0.798077 0.701746
vt 0.798077 0.505989
vt 0.818033 0.505989
vt 0.946139 0.701746
vt 0.946139 0.897502
vt 0.931975 0.897502
vt 0.931975 0.701746
vt 0.581860 0.636375
vt 0.581860 0.832132
vt 0.561904 0.636375
vt 0.865164 0.089559
vt 0.865164 0.109515
vt 0.851000 0.109515
vt 0.851000 0.089559
vt 0.722682 0.948162
vt 0.708518 0.948162
vt 0.708518 0.752406
vt 0.722682 0.752406
vt 0.837988 0.310233
vt 0.837988 0.114476
vt 0.736847 0.752406
vt 0.736847 0.948162
vt 0.837988 0.310233
vt 0.837988 0.505989
vt 0.576069 0.852087
vt 0.576069 0.872043
vt 0.561904 0.872043
vt 0.561904 0.852087
vt 0.751011 0.948162
vt 0.736847 0.948162
vt 0.736847 0.752406
vt 0.751011 0.752406
vt 0.837988 0.701746
vt 0.837988 0.505989
vt 0.765175 0.752406
vt 0.765175 0.948162
vt 0.857944 0.114476
vt 0.857944 0.310233
vt 0.879329 0.089559
vt 0.879329 0.109515
vt 0.865164 0.109515
vt 0.865164 0.089559
vt 0.779340 0.948162
vt 0.779340 0.752406
vt 0.857944 0.505989
vt 0.837988 0.505989
vt 0.793504 0.752406
vt 0.793504 0.948162
vt 0.857944 0.505989
vt 0.857944 0.701746
vt 0.576069 0.872043
vt 0.576069 0.891999
vt 0.561904 0.891999
vt 0.561904 0.872043
vt 0.951931 0.310233
vt 0.937766 0.310233
vt 0.937766 0.114476
vt 0.951931 0.114476
vt 0.696936 0.872958
vt 0.676980 0.872958
vt 0.676980 0.677201
vt 0.696936 0.677201
vt 0.951931 0.310233
vt 0.951931 0.505989
vt 0.937766 0.505989
vt 0.937766 0.310233
vt 0.877900 0.114476
vt 0.877900 0.310233
vt 0.691144 0.872958
vt 0.691144 0.892914
vt 0.676980 0.892914
vt 0.676980 0.872958
vt 0.543167 0.982613
vt 0.529003 0.982613
vt 0.529003 0.786856
vt 0.543167 0.786856
vt 0.877900 0.505989
vt 0.557331 0.786856
vt 0.557331 0.982613
vt 0.543167 0.982613
vt 0.543167 0.786856
vt 0.877900 0.505989
vt 0.877900 0.701746
vt 0.826406 0.897502
vt 0.826406 0.917458
vt 0.812241 0.917458
vt 0.812241 0.897502
vt 0.960304 0.701746
vt 0.946139 0.701746
vt 0.946139 0.505989
vt 0.960304 0.505989
vt 0.818033 0.897502
vt 0.798077 0.897502
vt 0.798077 0.701746
vt 0.818033 0.701746
vt 0.960304 0.701746
vt 0.960304 0.897502
vt 0.946139 0.897502
vt 0.946139 0.701746
vt 0.837988 0.701746
vt 0.837988 0.897502
vt 0.818033 0.897502
vt 0.818033 0.701746
vt 0.893493 0.089559
vt 0.893493 0.109515
vt 0.879329 0.109515
vt 0.879329 0.089559
vt 0.966095 0.310233
vt 0.966095 0.114476
vt 0.857944 0.897502
vt 0.857944 0.701746
vt 0.966095 0.505989
vt 0.951931 0.505989
vt 0.877900 0.701746
vt 0.877900 0.897502
vt 0.907657 0.089559
vt 0.907657 0.109515
vt 0.974468 0.701746
vt 0.974468 0.505989
vt 0.897855 0.310233
vt 0.897855 0.114476
vt 0.974468 0.701746
vt 0.974468 0.897502
vt 0.960303 0.897502
vt 0.960303 0.701746
vt 0.897855 0.505989
vt 0.576069 0.891999
vt 0.576069 0.911954
vt 0.561904 0.911954
vt 0.561904 0.891999
vt 0.980259 0.310233
vt 0.966095 0.310233
vt 0.966095 0.114476
vt 0.980259 0.114476
vt 0.897855 0.701746
vt 0.897855 0.505989
vt 0.980259 0.310233
vt 0.980259 0.505989
vt 0.966095 0.505989
vt 0.966095 0.310233
vt 0.897855 0.701746
vt 0.897855 0.897502
vt 0.851000 0.089559
vt 0.851000 0.109515
vt 0.836836 0.109515
vt 0.836836 0.089559
vt 0.486510 0.982613
vt 0.472345 0.982613
vt 0.472345 0.786856
vt 0.486510 0.786856
vt 0.917811 0.310233
vt 0.917811 0.114476
vt 0.500674 0.786856
vt 0.500674 0.982613
vt 0.486510 0.982613
vt 0.486510 0.786856
vt 0.917811 0.505989
vt 0.691144 0.912869
vt 0.676980 0.912869
vt 0.514838 0.982613
vt 0.500674 0.982613
vt 0.500674 0.786856
vt 0.514838 0.786856
vt 0.917811 0.701746
vt 0.917811 0.505989
vt 0.529003 0.786856
vt 0.529003 0.982613
vt 0.514838 0.982613
vt 0.514838 0.786856
vt 0.812241 0.897502
vt 0.812241 0.917458
vt 0.798077 0.917458
vt 0.798077 0.897502
vt 0.608206 0.987434
vt 0.594042 0.987434
vt 0.594042 0.791678
vt 0.608206 0.791678
vt 0.937766 0.114476
vt 0.622370 0.791678
vt 0.622370 0.987434
vt 0.608206 0.987434
vt 0.608206 0.791678
vt 0.840570 0.897502
vt 0.840570 0.917458
vt 0.798077 0.000000
vt 0.798077 0.150481
vt 0.708518 0.150481
vt 0.708518 0.000000
vt 0.843199 0.089559
vt 0.836836 0.089559
vt 0.836836 0.000000
vt 0.843199 0.000000
vt 0.581860 0.786857
vt 0.581860 0.636375
vt 0.588224 0.636375
vt 0.588224 0.786857
vt 0.703299 0.677202
vt 0.703299 0.827683
vt 0.696936 0.827683
vt 0.696936 0.677202
vt 0.798077 0.300962
vt 0.708518 0.300962
vt 0.843199 0.089559
vt 0.843199 0.000000
vt 0.849563 0.000000
vt 0.849563 0.089559
vt 0.628734 0.942159
vt 0.628734 0.791678
vt 0.635098 0.791678
vt 0.635098 0.942159
vt 0.641462 0.791678
vt 0.641462 0.942159
vt 0.561904 0.636375
vt 0.561904 0.786856
vt 0.472345 0.786856
vt 0.472345 0.636375
vt 0.849563 0.089559
vt 0.849563 0.000000
vt 0.855927 0.000000
vt 0.855927 0.089559
vt 0.581860 0.937338
vt 0.581860 0.786856
vt 0.588224 0.786856
vt 0.588224 0.937338
vt 0.628734 0.791678
vt 0.622370 0.942159
vt 0.622370 0.791678
vt 0.798077 0.451443
vt 0.708518 0.451443
vt 0.855927 0.089559
vt 0.855927 0.000000
vt 0.862291 0.000000
vt 0.862291 0.089559
vt 0.647825 0.791678
vt 0.647825 0.942159
vt 0.654189 0.791678
vt 0.654189 0.942159
vt 0.798077 0.451443
vt 0.798077 0.601925
vt 0.708518 0.601924
vt 0.708518 0.451443
vt 0.862291 0.089559
vt 0.862291 0.000000
vt 0.868654 0.000000
vt 0.868654 0.089559
vt 0.660553 0.791678
vt 0.660553 0.942159
vt 0.666916 0.791678
vt 0.666916 0.942159
vt 0.798077 0.752406
vt 0.708518 0.601925
vt 0.875018 0.089559
vt 0.868654 0.089559
vt 0.868654 0.000000
vt 0.875018 0.000000
vt 0.666916 0.942159
vt 0.666916 0.791678
vt 0.673280 0.791678
vt 0.673280 0.907454
vt 0.673280 0.942159
vt 0.703299 0.978164
vt 0.696936 0.978164
vt 0.696936 0.943459
vt 0.472346 -0.000000
vt 0.594042 -0.000000
vt 0.511104 0.080870
vt 0.472345 0.120984
vt 0.875018 0.000000
vt 0.881382 0.000000
vt 0.881382 0.089559
vt 0.875018 0.089559
vt 0.881382 0.000000
vt 0.887745 0.000000
vt 0.887745 0.089559
vt 0.881382 0.089559
vt 0.887745 0.000000
vt 0.894109 0.000000
vt 0.894109 0.089559
vt 0.887745 0.089559
vt 0.894109 0.000000
vt 0.900473 0.000000
vt 0.900473 0.089559
vt 0.894109 0.089559
vt 0.900473 0.000000
vt 0.906837 0.000000
vt 0.906837 0.089559
vt 0.900473 0.089559
vt 0.906837 0.000000
vt 0.913200 0.000000
vt 0.913200 0.089559
vt 0.906837 0.089559
vt 0.594042 0.120984
vt 0.708518 0.120984
vt 0.708518 0.318188
vt 0.594042 0.318188
vt 0.676980 0.677202
vt 0.676980 0.791678
vt 0.594042 0.791678
vt 0.594042 0.677202
vt 0.594042 0.000000
vt 0.708518 0.000000
vt 0.594042 0.636375
vt 0.472346 0.636375
vt 0.472346 0.515391
vt 0.511104 0.555505
vt 0.836836 0.114476
vt 0.798077 0.114476
vt 0.798077 -0.000000
vt 0.836836 0.000000
vt 0.472346 0.318188
vt 0.511104 0.318188
vt 0.511104 0.318188
vt 0.472345 0.318188
vt 0.708518 0.555505
s 0
usemtl Halle
f 1/1/1 7/2/1 13/3/1 10/4/1
f 156/5/2 19/5/2 194/5/2 183/5/2
f 151/6/3 18/7/3 23/8/3 27/9/3 21/10/3 152/11/3 149/12/3 150/13/3
f 21/14/2 7/15/2 34/16/2 36/17/2
f 23/18/4 18/14/4 88/19/4 90/20/4
f 10/21/5 122/22/5 121/23/5 1/24/5
f 122/22/6 10/21/6 23/18/6 90/20/6 87/25/6 85/26/6 88/19/6 18/14/6 1/24/6 121/23/6 123/27/6 124/28/6
f 27/18/2 13/29/2 7/15/2 21/14/2
f 42/30/7 36/31/7 34/32/7 30/33/7
f 153/34/3 167/35/3 168/36/3 154/37/3
f 155/38/3 156/39/3 169/40/3 170/41/3
f 152/11/3 21/10/3 36/42/3 42/43/3 18/7/3 151/6/3 161/44/3 164/45/3 174/46/3 173/47/3 172/48/3 171/49/3 170/41/3 169/40/3 168/36/3 167/35/3 165/50/3 166/51/3 153/34/3 154/37/3 156/39/3 155/38/3 157/52/3 158/53/3 159/54/3 160/55/3 162/56/3 163/57/3
f 161/44/3 163/57/3 162/56/3 164/45/3
f 174/46/3 160/55/3 159/54/3 173/47/3
f 171/49/3 172/48/3 158/53/3 157/52/3
f 7/2/1 1/1/1 30/58/1 34/59/1
f 18/14/6 42/17/6 120/60/6 113/61/6 114/62/6 115/63/6 92/64/6 93/65/6 116/66/6 110/67/6 95/68/6 96/69/6 109/70/6 111/71/6 98/72/6 99/73/6 112/74/6 106/75/6 102/76/6 100/77/6 105/78/6 108/79/6
f 127/80/6 30/81/6 1/24/6 138/82/6 137/83/6 143/84/6 142/85/6 136/86/6 135/87/6 147/88/6 146/89/6 134/90/6 133/91/6 132/92/6 131/93/6 130/94/6 129/95/6 128/96/6
f 42/17/6 30/81/6 127/80/6 125/97/6 126/98/6 128/96/6 129/95/6 148/99/6 139/100/6 130/94/6 131/93/6 140/101/6 144/102/6 132/92/6 133/91/6 145/103/6 146/89/6 147/88/6 142/85/6 143/84/6 141/104/6 138/82/6 1/24/6 18/14/6 108/79/6 103/105/6 100/77/6 102/76/6 99/73/6 98/72/6 96/69/6 95/68/6 93/65/6 92/64/6 119/106/6 114/62/6 113/61/6 118/107/6 117/108/6 120/60/6
f 11/109/1 5/110/1 85/111/1 87/112/1
f 25/113/8 11/114/8 87/115/8 90/116/8
f 88/117/3 20/118/3 25/119/3 90/120/3
f 85/113/7 5/121/7 20/122/7 88/114/7
f 11/123/6 25/124/6 20/125/6 5/126/6
f 40/127/1 33/128/1 100/129/1 103/130/1
f 46/131/8 40/132/8 103/133/8 108/134/8
f 105/135/3 44/136/3 46/137/3 108/138/3
f 100/139/7 33/140/7 44/126/7 105/141/7
f 40/142/6 46/143/6 44/144/6 33/145/6
f 50/146/1 47/147/1 99/148/1 102/149/1
f 56/150/8 50/113/8 102/116/8 106/151/8
f 112/152/3 52/153/3 56/146/3 106/149/3
f 99/154/7 47/155/7 52/121/7 112/113/7
f 50/156/6 56/157/6 52/158/6 47/159/6
f 59/160/1 57/161/1 96/162/1 98/163/1
f 63/164/8 59/131/8 98/134/8 111/165/8
f 109/166/3 61/167/3 63/160/3 111/163/3
f 96/168/7 57/169/7 61/150/7 109/151/7
f 59/170/6 63/171/6 61/172/6 57/173/6
f 69/174/1 65/167/1 93/166/1 95/175/1
f 72/176/8 69/177/8 95/150/8 110/169/8
f 116/178/3 70/179/3 72/174/3 110/175/3
f 93/180/7 65/181/7 70/164/7 116/165/7
f 69/182/6 72/183/6 70/184/6 65/185/6
f 75/186/1 73/187/1 119/188/1 92/189/1
f 78/190/8 75/191/8 92/192/8 115/193/8
f 114/194/3 76/195/3 78/196/3 115/197/3
f 119/198/7 73/199/7 76/169/7 114/168/7
f 75/200/6 78/201/6 76/202/6 73/203/6
f 81/204/1 79/205/1 117/206/1 118/207/1
f 84/208/8 81/176/8 118/169/8 113/199/8
f 120/209/3 83/210/3 84/211/3 113/212/3
f 117/213/7 79/214/7 83/181/7 120/180/7
f 81/215/6 84/216/6 83/217/6 79/218/6
f 9/219/1 3/220/1 121/221/1 122/222/1
f 16/223/8 9/224/8 122/225/8 124/226/8
f 123/227/3 12/228/3 16/229/3 124/230/3
f 121/231/7 3/232/7 12/233/7 123/234/7
f 9/235/6 16/236/6 12/237/6 3/238/6
f 24/239/1 22/186/1 137/189/1 138/240/1
f 35/241/8 24/232/8 138/231/8 141/242/8
f 143/239/3 32/243/3 35/244/3 141/186/3
f 137/245/7 22/246/7 32/241/7 143/242/7
f 24/247/6 35/248/6 32/236/6 22/235/6
f 45/249/1 38/219/1 135/222/1 136/250/1
f 53/251/8 45/199/8 136/198/8 142/252/8
f 147/253/3 48/254/3 53/255/3 142/256/3
f 135/251/7 38/257/7 48/208/7 147/199/7
f 45/258/6 53/259/6 48/260/6 38/261/6
f 60/262/1 58/263/1 133/264/1 134/265/1
f 71/266/8 60/214/8 134/213/8 146/267/8
f 145/268/3 68/269/3 71/270/3 146/271/3
f 133/272/7 58/273/7 68/246/7 145/245/7
f 60/274/6 71/275/6 68/276/6 58/277/6
f 77/278/1 74/279/1 131/280/1 132/281/1
f 82/282/8 77/251/8 132/252/8 144/283/8
f 140/284/3 80/285/3 82/286/3 144/287/3
f 131/282/7 74/288/7 80/257/7 140/251/7
f 77/201/6 82/289/6 80/290/6 74/202/6
f 89/291/1 86/292/1 129/293/1 130/294/1
f 94/295/8 89/266/8 130/267/8 139/296/8
f 148/297/3 91/298/3 94/299/3 139/300/3
f 129/120/7 86/119/7 91/273/7 148/272/7
f 89/301/6 94/302/6 91/303/6 86/304/6
f 101/305/1 97/306/1 127/307/1 128/308/1
f 107/197/8 101/282/8 128/283/8 126/309/8
f 125/310/3 104/311/3 107/312/3 126/313/3
f 127/197/7 97/196/7 104/288/7 125/282/7
f 101/314/6 107/315/6 104/216/6 97/215/6
f 2/316/3 6/317/3 8/318/3 4/319/3
f 169/5/2 156/5/2 183/5/2 184/5/2
f 165/320/8 2/321/8 4/322/8 166/323/8
f 6/324/2 2/325/2 165/326/2 167/327/2
f 4/328/6 8/329/6 153/330/6 166/331/6
f 14/317/3 17/332/3 19/333/3 15/318/3
f 150/5/2 149/5/2 179/5/2 180/5/2
f 14/334/8 15/335/8 154/336/8 168/337/8
f 17/338/2 14/339/2 168/340/2 169/341/2
f 15/342/6 19/343/6 156/341/6 154/340/6
f 26/344/3 29/345/3 31/346/3 28/347/3
f 171/5/2 157/5/2 189/5/2 190/5/2
f 26/348/8 28/349/8 155/350/8 170/351/8
f 29/352/2 26/353/2 170/354/2 171/355/2
f 28/356/6 31/338/6 157/357/6 155/358/6
f 37/332/3 41/359/3 43/360/3 39/333/3
f 54/5/2 164/5/2 186/5/2 199/5/2
f 37/361/8 39/362/8 158/363/8 172/364/8
f 41/343/2 37/342/2 172/365/2 173/366/2
f 39/367/6 43/368/6 159/366/6 158/365/6
f 49/369/3 54/370/3 55/371/3 51/372/3
f 19/5/2 17/5/2 193/5/2 194/5/2
f 49/373/8 51/374/8 160/375/8 174/376/8
f 54/368/2 49/367/2 174/377/2 164/378/2
f 51/379/6 55/380/6 162/378/6 160/377/6
f 62/370/3 66/381/3 67/148/3 64/382/3
f 173/5/2 159/5/2 187/5/2 188/5/2
f 161/383/8 62/384/8 64/385/8 163/386/8
f 66/387/2 62/388/2 161/389/2 151/390/2 150/391/2
f 64/329/6 67/392/6 149/393/6 152/394/6 163/330/6
f 178/395/3 177/396/3 205/397/3 206/398/3
f 181/399/7 192/400/7 191/401/7 182/402/7
f 183/403/7 194/404/7 193/405/7 184/406/7
f 189/407/7 196/408/7 195/409/7 190/410/7
f 187/411/7 198/412/7 197/413/7 188/414/7
f 185/415/7 200/416/7 199/417/7 186/418/7
f 179/419/7 202/420/7 201/421/7 180/422/7
f 43/5/2 41/5/2 197/5/2 198/5/2
f 17/5/2 169/5/2 184/5/2 193/5/2
f 10/5/2 13/5/2 176/5/2 175/5/2
f 159/5/2 43/5/2 198/5/2 187/5/2
f 67/5/2 66/5/2 201/5/2 202/5/2
f 8/5/2 6/5/2 191/5/2 192/5/2
f 41/5/2 173/5/2 188/5/2 197/5/2
f 23/5/2 10/5/2 175/5/2 177/5/2
f 13/5/2 27/5/2 178/5/2 176/5/2
f 149/5/2 67/5/2 202/5/2 179/5/2
f 153/5/2 8/5/2 192/5/2 181/5/2
f 27/5/2 23/5/2 177/5/2 178/5/2
f 31/5/2 29/5/2 195/5/2 196/5/2
f 66/5/2 150/5/2 180/5/2 201/5/2
f 6/5/2 167/5/2 182/5/2 191/5/2
f 167/5/2 153/5/2 181/5/2 182/5/2
f 157/5/2 31/5/2 196/5/2 189/5/2
f 55/5/2 54/5/2 199/5/2 200/5/2
f 29/5/2 171/5/2 190/5/2 195/5/2
f 164/5/2 162/5/2 185/5/2 186/5/2
f 162/5/2 55/5/2 200/5/2 185/5/2
f 204/423/2 206/424/2 210/425/2 208/426/2
f 177/427/9 175/428/9 203/429/9 205/430/9
f 176/431/2 178/432/2 206/424/2 204/423/2
f 175/433/1 176/434/1 204/435/1 203/436/1
f 207/437/8 208/438/8 210/439/8 209/440/8
f 203/436/1 204/435/1 208/441/1 207/442/1
f 206/398/3 205/397/3 209/443/3 210/444/3
f 205/426/6 203/425/6 207/445/6 209/5/6
o Cube.001
v 16.822796 -16.778645 6.176157
v 12.675690 19.410213 7.004274
v 16.822788 -17.841011 -1.332886
v 12.675690 19.410213 10.439674
v 13.197113 -17.841011 -1.332886
v 12.675692 13.637890 7.004274
v 16.822796 -16.778645 10.844326
v 12.675692 13.637890 10.439674
v 16.822788 -18.384340 -1.332886
v 16.822796 -18.384356 6.176157
v 13.197113 -18.384340 -1.332886
v 16.057308 -17.841011 -1.332886
v 16.822796 -18.384356 10.844326
v 12.675692 13.060658 7.004274
v 12.675692 13.060658 10.439674
v 16.057308 -18.384340 -1.332886
v 12.675694 7.288337 7.004274
v 12.431595 -16.778645 6.176157
v 12.675694 7.288337 10.439674
v 12.431633 -17.841011 -1.332886
v 12.431595 -16.778645 10.844326
v 16.822786 -11.538392 -1.332886
v 12.431595 -18.384356 6.176157
v 16.822786 -12.081721 -1.332886
v 12.431633 -18.384340 -1.332886
v 12.675694 6.711105 7.004274
v 12.431595 -18.384356 10.844326
v 12.675694 6.711105 10.439674
v 12.675695 0.938783 7.004274
v 16.822784 19.974743 6.176157
v 12.675695 0.938783 10.439674
v 16.057306 -11.538393 -1.332886
v 13.197111 -11.538393 -1.332886
v 16.822784 19.974743 10.844326
v 16.057306 -12.081722 -1.332886
v 12.431583 19.974743 10.844326
v 12.675695 0.361551 7.004274
v 16.822784 -5.235773 -1.332886
v 12.675695 0.361551 10.439674
v 13.197111 -12.081722 -1.332886
v 12.675697 -5.410769 7.004274
v 12.431583 19.974743 6.176157
v 12.675697 -5.410769 10.439674
v 12.431631 -11.538394 -1.332886
v 16.822784 -5.779102 -1.332886
v 12.431631 -12.081723 -1.332886
v 13.197109 -5.235775 -1.332886
v 16.057304 -5.235774 -1.332886
v 12.675697 -5.988001 7.004274
v 13.197109 -5.779104 -1.332886
v 12.675697 -5.988001 10.439674
v 12.431629 -5.235775 -1.332886
v 16.057304 -5.779103 -1.332886
v 12.675699 -11.760322 7.004274
v 12.675699 -11.760322 10.439674
v 12.431629 -5.779104 -1.332886
v 13.197107 1.066845 -1.332886
v 16.822783 1.066846 -1.332886
v 13.197107 0.523515 -1.332886
v 16.822783 0.523517 -1.332886
v 12.431627 1.066844 -1.332886
v 12.675699 -12.337554 7.004274
v 12.431627 0.523515 -1.332886
v 12.675699 -12.337554 10.439674
v 13.197105 7.369464 -1.332886
v 12.675701 -18.109871 7.004274
v 12.675701 -18.109871 10.439674
v 16.057302 1.066846 -1.332886
v 13.197105 6.826135 -1.332886
v 12.431625 7.369464 -1.332886
v 16.057302 0.523516 -1.332886
v 12.431625 6.826135 -1.332886
v 13.197104 13.672085 -1.332886
v 16.822781 7.369466 -1.332886
v 13.197104 13.128756 -1.332886
v 12.431623 13.672084 -1.332886
v 16.822781 6.826137 -1.332886
v 12.431623 13.128755 -1.332886
v 13.197102 19.974705 -1.332886
v 16.057301 7.369465 -1.332886
v 13.197102 19.431377 -1.332886
v 16.057301 6.826136 -1.332886
v 12.431622 19.974705 -1.332886
v 12.431622 19.431377 -1.332886
v 13.197113 -17.841011 6.176157
v 16.822779 13.672086 -1.332886
v 13.197113 -18.384340 6.176157
v 12.431633 -17.841011 6.176157
v 16.822779 13.128757 -1.332886
v 12.431633 -18.384340 6.176157
v 16.057299 13.672085 -1.332886
v 13.197104 13.128756 6.176157
v 13.197105 7.369464 6.176157
v 16.057299 13.128756 -1.332886
v 13.197105 6.826135 6.176157
v 13.197107 1.066845 6.176157
v 16.822777 19.974705 -1.332886
v 13.197107 0.523515 6.176157
v 13.197109 -5.235775 6.176157
v 13.197111 -11.538393 6.176157
v 16.822777 19.431377 -1.332886
v 13.197109 -5.779104 6.176157
v 13.197111 -12.081722 6.176157
v 16.057297 19.974705 -1.332886
v 12.431631 -11.538394 6.176157
v 12.431629 -5.779104 6.176157
v 16.057297 19.431377 -1.332886
v 12.431631 -12.081723 6.176157
v 12.431627 1.066844 6.176157
v 12.431625 6.826135 6.176157
v 12.431627 0.523515 6.176157
v 12.431629 -5.235775 6.176157
v 12.431622 19.431377 6.176157
v 12.431623 13.672084 6.176157
v 12.431623 13.128755 6.176157
v 12.431625 7.369464 6.176157
v 13.197102 19.974705 6.176157
v 13.197102 19.431377 6.176157
v 13.197104 13.672085 6.176157
v 12.431622 19.974705 6.176157
v 16.822788 -17.841011 6.176157
v 16.822788 -18.384340 6.176157
v 16.057308 -17.841011 6.176157
v 16.057308 -18.384340 6.176157
v 16.057297 19.974705 6.176157
v 16.057297 19.431377 6.176157
v 16.822777 19.974705 6.176157
v 16.822777 19.431377 6.176157
v 16.822779 13.672086 6.176157
v 16.822779 13.128757 6.176157
v 16.822781 7.369466 6.176157
v 16.822781 6.826137 6.176157
v 16.822783 1.066846 6.176157
v 16.822783 0.523517 6.176157
v 16.822784 -5.235773 6.176157
v 16.822784 -5.779102 6.176157
v 16.822786 -11.538392 6.176157
v 16.822786 -12.081721 6.176157
v 16.057299 13.128756 6.176157
v 16.057301 7.369465 6.176157
v 16.057306 -12.081722 6.176157
v 16.057304 -5.779103 6.176157
v 16.057306 -11.538393 6.176157
v 16.057301 6.826136 6.176157
v 16.057302 1.066846 6.176157
v 16.057302 0.523516 6.176157
v 16.057304 -5.235774 6.176157
v 16.057299 13.672085 6.176157
v 12.431595 -18.109871 10.439674
v 12.431595 -18.109871 7.004274
v 12.431595 -16.778645 7.004274
v 12.431595 -16.778645 10.439674
v 12.431585 13.637890 10.439674
v 12.431585 13.060658 10.439674
v 12.431587 6.711105 10.439674
v 12.431587 7.288337 10.439674
v 12.431589 0.938783 10.439674
v 12.431589 0.361551 10.439674
v 12.431591 -5.410769 10.439674
v 12.431591 -5.988001 10.439674
v 12.431593 -12.337554 7.004274
v 12.431593 -11.760322 10.439674
v 12.431593 -12.337554 10.439674
v 12.431593 -11.760322 7.004274
v 12.431583 19.410213 7.004274
v 12.431583 19.410213 10.439674
v 12.431585 13.637890 7.004274
v 12.431585 13.060658 7.004274
v 12.431587 7.288337 7.004274
v 12.431587 6.711105 7.004274
v 12.431589 0.938783 7.004274
v 12.431589 0.361551 7.004274
v 12.431591 -5.410769 7.004274
v 12.431591 -5.988001 7.004274
vn 1.0000 -0.0000 -0.0000
vn -0.0000 -1.0000 -0.0000
vn -1.0000 -0.0000 -0.0000
vn -0.0000 -0.0000 1.0000
vn -0.0022 -0.0000 -1.0000
vn 0.0073 -0.0000 -1.0000
vn -0.0000 -0.0000 -1.0000
vn -0.0000 1.0000 -0.0000
vt 0.121697 0.041860
vt 0.000000 0.041860
vt 0.000000 0.000000
vt 0.121697 0.000000
vt 0.472345 0.121697
vt 0.472345 0.000000
vt 0.586822 0.000000
vt 0.586822 0.121697
vt 0.221805 0.958140
vt 0.243393 0.958140
vt 0.243393 1.000000
vt 0.121697 1.000000
vt 0.121697 0.958140
vt 0.132246 0.958140
vt 0.132246 0.992844
vt 0.221805 0.992844
vt 0.357869 0.958140
vt 0.243393 0.958140
vt 0.243393 0.000000
vt 0.357869 0.000000
vt 0.357869 1.000000
vt 0.357870 0.985835
vt 0.357870 1.000000
vt 0.472345 1.000000
vt 0.472345 1.000000
vt 0.472345 0.985835
vt 0.472345 0.958140
vt 0.377826 1.000000
vt 0.377826 0.985835
vt 0.452390 0.985835
vt 0.452390 1.000000
vt 0.243393 1.000000
vt 0.472345 0.243393
vt 0.586822 0.243393
vt 0.132246 0.165198
vt 0.221805 0.165198
vt 0.221805 0.180246
vt 0.132246 0.180246
vt 0.132246 0.345776
vt 0.132246 0.330727
vt 0.221805 0.330727
vt 0.221805 0.345776
vt 0.121697 0.000000
vt 0.243393 0.000000
vt 0.221805 0.842363
vt 0.221805 0.827315
vt 0.221805 0.676834
vt 0.221805 0.661786
vt 0.221805 0.511305
vt 0.221805 0.496257
vt 0.221805 0.014717
vt 0.132246 0.014717
vt 0.132246 0.496257
vt 0.132246 0.511305
vt 0.132246 0.661786
vt 0.132246 0.676834
vt 0.132246 0.827315
vt 0.132246 0.842363
vt 0.121697 1.000000
vt -0.000000 1.000000
vt 0.357870 0.000001
vt 0.357870 0.014165
vt 0.357870 0.164307
vt 0.357870 0.178471
vt 0.377826 0.178471
vt 0.377826 0.328612
vt 0.357870 0.328612
vt 0.357870 0.342777
vt 0.377826 0.342777
vt 0.377826 0.492918
vt 0.357870 0.492918
vt 0.357870 0.507082
vt 0.377826 0.507082
vt 0.377826 0.657224
vt 0.357870 0.657224
vt 0.357870 0.671388
vt 0.377826 0.671388
vt 0.377826 0.821530
vt 0.357870 0.821530
vt 0.357870 0.835694
vt 0.472345 0.000001
vt 0.472345 0.000000
vt 0.472345 0.835694
vt 0.472345 0.821530
vt 0.452390 0.821530
vt 0.452390 0.671388
vt 0.472345 0.671388
vt 0.472345 0.657224
vt 0.452390 0.657224
vt 0.452390 0.507082
vt 0.472345 0.507082
vt 0.472345 0.492918
vt 0.472345 0.342777
vt 0.472345 0.328612
vt 0.472345 0.178471
vt 0.472345 0.164307
vt 0.472345 0.014165
vt 0.452390 0.000001
vt 0.452390 0.014165
vt 0.452390 0.164307
vt 0.452390 0.178471
vt 0.452390 0.328612
vt 0.452390 0.342777
vt 0.452390 0.492918
vt 0.452390 0.835694
vt 0.377826 0.835694
vt 0.377826 0.164307
vt 0.377826 0.014165
vt 0.377826 0.000001
vt 0.825273 0.439150
vt 0.811108 0.439150
vt 0.811108 0.243393
vt 0.825273 0.243393
vt 0.671419 0.439150
vt 0.651463 0.439150
vt 0.651463 0.243393
vt 0.671419 0.243393
vt 0.825273 0.439150
vt 0.825273 0.634906
vt 0.811108 0.634906
vt 0.811108 0.439150
vt 0.671419 0.439150
vt 0.671419 0.634906
vt 0.651463 0.634906
vt 0.651463 0.439150
vt 0.677350 0.200129
vt 0.677350 0.220084
vt 0.663186 0.220084
vt 0.663186 0.200129
vt 0.830234 0.195756
vt 0.816070 0.195756
vt 0.816070 0.000000
vt 0.830234 0.000000
vt 0.691375 0.439150
vt 0.691375 0.243393
vt 0.685583 0.634906
vt 0.685583 0.830663
vt 0.671419 0.830663
vt 0.671419 0.634906
vt 0.691375 0.439150
vt 0.691375 0.634906
vt 0.691515 0.200129
vt 0.691515 0.220084
vt 0.677350 0.220084
vt 0.677350 0.200129
vt 0.699748 0.830663
vt 0.685583 0.830663
vt 0.685583 0.634906
vt 0.699748 0.634906
vt 0.696336 0.195756
vt 0.676381 0.195756
vt 0.676381 0.000000
vt 0.696336 0.000000
vt 0.713912 0.634906
vt 0.713912 0.830663
vt 0.699748 0.830663
vt 0.699748 0.634906
vt 0.711330 0.243393
vt 0.711330 0.439150
vt 0.691515 0.240040
vt 0.677350 0.240040
vt 0.728076 0.830663
vt 0.713912 0.830663
vt 0.713912 0.634906
vt 0.728076 0.634906
vt 0.711330 0.634906
vt 0.711330 0.439150
vt 0.742240 0.634906
vt 0.742240 0.830663
vt 0.716292 0.000000
vt 0.716292 0.195756
vt 0.705679 0.200129
vt 0.705679 0.220084
vt 0.691515 0.220084
vt 0.691515 0.200129
vt 0.756405 0.830663
vt 0.742240 0.830663
vt 0.742240 0.634906
vt 0.756405 0.634906
vt 0.731286 0.439150
vt 0.731286 0.243393
vt 0.770569 0.634906
vt 0.770569 0.830663
vt 0.756405 0.830663
vt 0.756405 0.634906
vt 0.731286 0.439150
vt 0.731286 0.634906
vt 0.705679 0.220084
vt 0.705679 0.240040
vt 0.784733 0.830663
vt 0.784733 0.634906
vt 0.736247 0.195756
vt 0.736247 0.000000
vt 0.798898 0.634906
vt 0.798898 0.830663
vt 0.581860 0.544355
vt 0.581860 0.740112
vt 0.561904 0.740112
vt 0.561904 0.544355
vt 0.556510 0.694836
vt 0.556510 0.714792
vt 0.542346 0.714792
vt 0.542346 0.694836
vt 0.869719 0.830663
vt 0.855555 0.830663
vt 0.855555 0.634906
vt 0.869719 0.634906
vt 0.601816 0.740112
vt 0.601816 0.544355
vt 0.872727 0.000000
vt 0.872727 0.195756
vt 0.858563 0.195756
vt 0.858563 0.000000
vt 0.621771 0.544355
vt 0.621771 0.740112
vt 0.748172 0.200129
vt 0.748172 0.220084
vt 0.734008 0.220084
vt 0.734008 0.200129
vt 0.813062 0.830663
vt 0.813062 0.634906
vt 0.641727 0.740112
vt 0.641727 0.544355
vt 0.827226 0.634906
vt 0.827226 0.830663
vt 0.751242 0.243393
vt 0.751242 0.439150
vt 0.719843 0.200129
vt 0.719843 0.220084
vt 0.705679 0.220084
vt 0.705679 0.200129
vt 0.839437 0.439150
vt 0.825273 0.439150
vt 0.825273 0.243393
vt 0.839437 0.243393
vt 0.751242 0.634906
vt 0.751242 0.439150
vt 0.839437 0.439150
vt 0.839437 0.634906
vt 0.756203 0.000000
vt 0.756203 0.195756
vt 0.719843 0.220084
vt 0.719843 0.240040
vt 0.841390 0.830663
vt 0.827226 0.830663
vt 0.827226 0.634906
vt 0.841390 0.634906
vt 0.771197 0.439150
vt 0.771197 0.243393
vt 0.844398 0.000000
vt 0.844398 0.195756
vt 0.830234 0.195756
vt 0.830234 0.000000
vt 0.771197 0.439150
vt 0.771197 0.634906
vt 0.719843 0.220084
vt 0.719843 0.200129
vt 0.853601 0.439150
vt 0.853601 0.243393
vt 0.776159 0.195756
vt 0.776159 0.000000
vt 0.853601 0.439150
vt 0.853601 0.634906
vt 0.839437 0.634906
vt 0.839437 0.439150
vt 0.791153 0.243393
vt 0.791153 0.439150
vt 0.677350 0.220084
vt 0.677350 0.240040
vt 0.663186 0.240040
vt 0.663186 0.220084
vt 0.841390 0.830663
vt 0.841390 0.634906
vt 0.791153 0.634906
vt 0.791153 0.439150
vt 0.796114 0.000000
vt 0.796114 0.195756
vt 0.734007 0.220084
vt 0.734007 0.240040
vt 0.719843 0.240040
vt 0.719843 0.220084
vt 0.867765 0.439150
vt 0.853601 0.439150
vt 0.853601 0.243393
vt 0.867765 0.243393
vt 0.811108 0.439150
vt 0.811108 0.243393
vt 0.867766 0.439150
vt 0.867766 0.634906
vt 0.853601 0.634906
vt 0.853601 0.439150
vt 0.556511 0.714792
vt 0.556511 0.734748
vt 0.542346 0.734748
vt 0.542346 0.714792
vt 0.881930 0.439150
vt 0.881930 0.243393
vt 0.881930 0.439150
vt 0.881930 0.634906
vt 0.867765 0.634906
vt 0.867765 0.439150
vt 0.671419 0.634906
vt 0.671419 0.830663
vt 0.651463 0.830663
vt 0.651463 0.634906
vt 0.748172 0.240040
vt 0.734008 0.240040
vt 0.561904 0.393874
vt 0.561904 0.544355
vt 0.472345 0.544355
vt 0.472346 0.393874
vt 0.586822 0.150481
vt 0.593185 0.150481
vt 0.593185 0.240040
vt 0.586822 0.240040
vt 0.599549 0.240040
vt 0.599549 0.150481
vt 0.641727 0.694837
vt 0.641727 0.544355
vt 0.648091 0.544355
vt 0.648091 0.694837
vt 0.478709 0.694836
vt 0.478709 0.845318
vt 0.472345 0.845318
vt 0.472345 0.694836
vt 0.651463 0.393874
vt 0.561904 0.393874
vt 0.561904 0.243393
vt 0.605913 0.150481
vt 0.605913 0.240040
vt 0.612276 0.150481
vt 0.612276 0.240040
vt 0.491437 0.845318
vt 0.491437 0.694836
vt 0.497800 0.694836
vt 0.497800 0.845318
vt 0.504164 0.694836
vt 0.504164 0.845318
vt 0.561904 0.393874
vt 0.472346 0.393874
vt 0.472346 0.243393
vt 0.618640 0.150481
vt 0.618640 0.240040
vt 0.625004 0.150481
vt 0.625004 0.240040
vt 0.478709 0.845318
vt 0.478709 0.694836
vt 0.485073 0.694836
vt 0.485073 0.845318
vt 0.491437 0.845318
vt 0.651463 0.393874
vt 0.651463 0.544355
vt 0.561904 0.544355
vt 0.561904 0.393874
vt 0.631368 0.150481
vt 0.631368 0.240040
vt 0.637731 0.150481
vt 0.637731 0.240040
vt 0.510528 0.694836
vt 0.510528 0.845318
vt 0.516891 0.694836
vt 0.516891 0.845318
vt 0.676381 0.000000
vt 0.676381 0.150481
vt 0.586822 0.150481
vt 0.586822 -0.000000
vt 0.644095 0.150481
vt 0.644095 0.240040
vt 0.650459 0.150481
vt 0.650459 0.240040
vt 0.523255 0.694836
vt 0.523255 0.845318
vt 0.529619 0.694836
vt 0.529619 0.845318
vt 0.561904 0.544355
vt 0.561904 0.694836
vt 0.472345 0.544355
vt 0.656822 0.150481
vt 0.656822 0.240040
vt 0.663186 0.150481
vt 0.535983 0.694836
vt 0.535983 0.810613
vt 0.535983 0.845318
vt 0.542346 0.694836
vt 0.542346 0.845318
s 0
usemtl Halle
f 211/446/10 217/447/10 223/448/10 220/449/10
f 220/450/11 223/451/11 237/452/11 233/453/11
f 361/454/12 228/455/12 233/456/12 237/457/12 231/458/12 362/459/12 359/460/12 360/461/12
f 231/462/13 217/463/13 244/464/13 246/465/13
f 233/466/14 228/462/14 298/467/14 300/468/14
f 220/469/15 332/470/15 331/471/15 211/472/15
f 332/470/16 220/469/16 233/466/16 300/468/16 297/473/16 295/474/16 298/467/16 228/462/16 211/472/16 331/471/16 333/475/16 334/476/16
f 237/466/13 223/477/13 217/463/13 231/462/13
f 252/478/17 246/450/17 244/453/17 240/479/17
f 363/480/12 377/481/12 378/482/12 364/483/12
f 365/484/12 366/485/12 379/486/12 380/487/12
f 362/459/12 231/458/12 246/488/12 252/489/12 228/455/12 361/454/12 371/490/12 374/491/12 384/492/12 383/493/12 382/494/12 381/495/12 380/487/12 379/486/12 378/482/12 377/481/12 375/496/12 376/497/12 363/480/12 364/483/12 366/485/12 365/484/12 367/498/12 368/499/12 369/500/12 370/501/12 372/502/12 373/503/12
f 371/490/12 373/503/12 372/502/12 374/491/12
f 384/492/12 370/501/12 369/500/12 383/493/12
f 381/495/12 382/494/12 368/499/12 367/498/12
f 217/447/10 211/446/10 240/504/10 244/505/10
f 228/462/16 252/465/16 330/506/16 323/507/16 324/508/16 325/509/16 302/510/16 303/511/16 326/512/16 320/513/16 305/514/16 306/515/16 319/516/16 321/517/16 308/518/16 309/519/16 322/520/16 316/521/16 312/522/16 310/523/16 315/524/16 318/525/16
f 337/526/16 240/527/16 211/472/16 348/528/16 347/529/16 353/530/16 352/531/16 346/532/16 345/533/16 357/534/16 356/535/16 344/536/16 343/537/16 342/538/16 341/539/16 340/540/16 339/541/16 338/542/16
f 252/465/16 240/527/16 337/526/16 335/543/16 336/544/16 338/542/16 339/541/16 358/545/16 349/546/16 340/540/16 341/539/16 350/547/16 354/548/16 342/538/16 343/537/16 355/549/16 356/535/16 357/534/16 352/531/16 353/530/16 351/550/16 348/528/16 211/472/16 228/462/16 318/525/16 313/551/16 310/523/16 312/522/16 309/519/16 308/518/16 306/515/16 305/514/16 303/511/16 302/510/16 329/552/16 324/508/16 323/507/16 328/553/16 327/554/16 330/506/16
f 221/555/10 215/556/10 295/557/10 297/558/10
f 235/559/11 221/560/11 297/561/11 300/562/11
f 298/563/12 230/564/12 235/565/12 300/566/12
f 295/567/17 215/568/17 230/569/17 298/570/17
f 221/571/16 235/572/16 230/573/16 215/574/16
f 250/575/10 243/576/10 310/577/10 313/578/10
f 256/579/11 250/559/11 313/562/11 318/580/11
f 315/581/12 254/582/12 256/583/12 318/584/12
f 310/585/17 243/586/17 254/568/17 315/567/17
f 250/587/16 256/588/16 254/589/16 243/590/16
f 260/591/10 257/592/10 309/593/10 312/594/10
f 266/595/11 260/596/11 312/597/11 316/598/11
f 322/599/12 262/600/12 266/601/12 316/602/12
f 309/603/17 257/604/17 262/579/17 322/580/17
f 260/588/16 266/605/16 262/606/16 257/589/16
f 269/607/10 267/608/10 306/609/10 308/610/10
f 273/611/11 269/586/11 308/585/11 321/612/11
f 319/613/12 271/614/12 273/607/12 321/610/12
f 306/615/17 267/616/17 271/595/17 319/598/17
f 269/617/16 273/618/16 271/619/16 267/620/16
f 279/621/10 275/622/10 303/623/10 305/624/10
f 282/625/11 279/604/11 305/603/11 320/626/11
f 326/627/12 280/628/12 282/629/12 320/630/12
f 303/631/17 275/632/17 280/611/17 326/612/17
f 279/633/16 282/634/16 280/605/16 275/588/16
f 285/635/10 283/628/10 329/627/10 302/636/10
f 288/637/11 285/616/11 302/615/11 325/638/11
f 324/639/12 286/640/12 288/635/12 325/636/12
f 329/641/17 283/642/17 286/643/17 324/644/17
f 285/645/16 288/646/16 286/647/16 283/648/16
f 291/649/10 289/650/10 327/651/10 328/652/10
f 294/653/11 291/642/11 328/641/11 323/654/11
f 330/655/12 293/656/12 294/657/12 323/658/12
f 327/659/17 289/660/17 293/653/17 330/654/17
f 291/661/16 294/662/16 293/663/16 289/664/16
f 219/665/10 213/640/10 331/639/10 332/666/10
f 226/667/11 219/660/11 332/659/11 334/668/11
f 333/669/12 222/670/12 226/665/12 334/666/12
f 331/671/17 213/672/17 222/625/17 333/626/17
f 219/673/16 226/674/16 222/675/16 213/676/16
f 234/677/10 232/678/10 347/679/10 348/680/10
f 245/681/11 234/632/11 348/631/11 351/682/11
f 353/683/12 242/684/12 245/564/12 351/563/12
f 347/685/17 232/686/17 242/637/17 353/638/17
f 234/687/16 245/688/16 242/634/16 232/633/16
f 255/689/10 248/690/10 345/691/10 346/692/10
f 263/693/11 255/672/11 346/671/11 352/694/11
f 357/695/12 258/696/12 263/697/12 352/698/12
f 345/699/17 248/700/17 258/681/17 357/682/17
f 255/664/16 263/663/16 258/701/16 248/702/16
f 270/703/10 268/677/10 343/680/10 344/704/10
f 281/705/11 270/686/11 344/685/11 356/706/11
f 355/707/12 278/708/12 281/709/12 356/710/12
f 343/711/17 268/712/17 278/693/17 355/694/17
f 270/713/16 281/714/16 278/715/16 268/716/16
f 287/650/10 284/717/10 341/718/10 342/651/10
f 292/719/11 287/700/11 342/699/11 354/720/11
f 350/658/12 290/657/12 292/696/12 354/695/12
f 341/721/17 284/722/17 290/705/17 350/706/17
f 287/723/16 292/724/16 290/725/16 284/726/16
f 299/727/10 296/728/10 339/729/10 340/730/10
f 304/731/11 299/712/11 340/711/11 349/732/11
f 358/733/12 301/734/12 304/735/12 349/736/12
f 339/566/17 296/565/17 301/719/17 358/720/17
f 299/737/16 304/738/16 301/739/16 296/740/16
f 311/741/10 307/727/10 337/730/10 338/742/10
f 317/576/11 311/722/11 338/721/11 336/577/11
f 335/743/12 314/744/12 317/745/12 336/746/12
f 337/747/17 307/748/17 314/749/17 335/750/17
f 311/662/16 317/751/16 314/752/16 307/663/16
f 212/753/12 216/754/12 218/755/12 214/756/12
f 363/757/17 218/758/17 216/759/17 377/760/17
f 375/761/11 212/759/11 214/758/11 376/762/11
f 216/763/13 212/764/13 375/765/13 377/766/13
f 214/767/16 218/768/16 363/769/16 376/770/16
f 224/561/12 227/771/12 229/772/12 225/773/12
f 366/762/17 229/774/17 227/775/17 379/761/17
f 224/775/11 225/774/11 364/776/11 378/777/11
f 227/778/13 224/779/13 378/780/13 379/781/13
f 225/782/16 229/783/16 366/781/16 364/780/16
f 236/773/12 239/784/12 241/785/12 238/786/12
f 367/776/17 241/787/17 239/788/17 381/777/17
f 236/788/11 238/787/11 365/789/11 380/790/11
f 239/791/13 236/792/13 380/793/13 381/794/13
f 238/779/16 241/795/16 367/794/16 365/793/16
f 247/796/12 251/797/12 253/798/12 249/799/12
f 369/789/17 253/800/17 251/801/17 383/790/17
f 247/801/11 249/800/11 368/802/11 382/803/11
f 251/783/13 247/782/13 382/804/13 383/805/13
f 249/806/16 253/807/16 369/805/16 368/804/16
f 259/808/12 264/809/12 265/810/12 261/811/12
f 372/802/17 265/812/17 264/813/17 374/803/17
f 259/813/11 261/812/11 370/814/11 384/815/11
f 264/807/13 259/806/13 384/816/13 374/817/13
f 261/818/16 265/819/16 372/817/16 370/816/16
f 272/820/12 276/821/12 277/770/12 274/822/12
f 359/814/17 277/823/17 276/824/17 360/815/17
f 371/715/11 272/824/11 274/823/11 373/825/11
f 276/819/13 272/818/13 371/826/13 361/827/13 360/828/13
f 274/829/16 277/830/16 359/828/16 362/827/16 373/826/16
o Cube.023
v 13.159575 19.102390 9.961614
v 13.159575 19.102390 10.774938
v 13.237273 19.851597 9.961614
v 13.237273 19.851597 10.774938
v 1.121227 19.851597 9.961614
v 1.121227 19.851597 10.774938
v 1.121227 19.102390 9.961614
v 1.121227 19.102390 10.774938
v 13.237273 19.851597 10.774938
v 13.237273 19.102390 9.961614
v 13.237273 19.851597 9.961614
v 13.237273 19.102390 10.774938
v 12.890922 19.102390 10.774938
v 12.890922 19.851597 10.774938
v 12.890922 19.102390 9.161672
v 13.237273 19.102390 9.161672
v 13.237273 19.851597 9.161672
v 12.890922 19.851597 9.161672
v 12.890922 19.851597 9.195980
v 11.873943 19.851597 9.961614
v 12.890922 19.851597 10.727246
v 13.237224 19.851597 9.961614
v 11.873943 19.102390 9.961614
v 12.890922 19.102390 9.195980
v 13.237224 19.102390 9.961614
v 12.890922 19.102390 10.727246
v -10.917120 19.102390 9.961614
v -10.917120 19.102390 10.774938
v -10.994819 19.851597 9.961614
v -10.994819 19.851597 10.774938
v -10.994819 19.851597 10.774938
v -10.994819 19.102390 9.961614
v -10.994819 19.851597 9.961614
v -10.994819 19.102390 10.774938
v -10.648467 19.102390 10.774938
v -10.648467 19.851597 10.774938
v -10.648467 19.102390 9.161672
v -10.994819 19.102390 9.161672
v -10.994819 19.851597 9.161672
v -10.648467 19.851597 9.161672
v -10.648467 19.851597 9.195980
v -9.631489 19.851597 9.961614
v -10.648467 19.851597 10.727246
v -10.994769 19.851597 9.961614
v -9.631489 19.102390 9.961614
v -10.648467 19.102390 9.195980
v -10.994769 19.102390 9.961614
v -10.648467 19.102390 10.727246
v 13.159575 14.457308 9.961614
v 13.159575 14.457308 10.774938
v 13.237273 15.206515 9.961614
v 13.237273 15.206515 10.774938
v 1.121227 15.206515 9.961614
v 1.121227 15.206515 10.774938
v 1.121227 14.457308 9.961614
v 1.121227 14.457308 10.774938
v 13.237273 15.206515 10.774938
v 13.237273 14.457308 9.961614
v 13.237273 15.206515 9.961614
v 13.237273 14.457308 10.774938
v 12.890922 14.457308 10.774938
v 12.890922 15.206515 10.774938
v 12.890922 14.457308 9.161672
v 13.237273 14.457308 9.161672
v 13.237273 15.206515 9.161672
v 12.890922 15.206515 9.161672
v 12.890922 15.206515 9.195980
v 11.873943 15.206515 9.961614
v 12.890922 15.206515 10.727246
v 13.237224 15.206515 9.961614
v 11.873943 14.457308 9.961614
v 12.890922 14.457308 9.195980
v 13.237224 14.457308 9.961614
v 12.890922 14.457308 10.727246
v -10.917120 14.457308 9.961614
v -10.917120 14.457308 10.774938
v -10.994819 15.206515 9.961614
v -10.994819 15.206515 10.774938
v -10.994819 15.206515 10.774938
v -10.994819 14.457308 9.961614
v -10.994819 15.206515 9.961614
v -10.994819 14.457308 10.774938
v -10.648467 14.457308 10.774938
v -10.648467 15.206515 10.774938
v -10.648467 14.457308 9.161672
v -10.994819 14.457308 9.161672
v -10.994819 15.206515 9.161672
v -10.648467 15.206515 9.161672
v -10.648467 15.206515 9.195980
v -9.631489 15.206515 9.961614
v -10.648467 15.206515 10.727246
v -10.994769 15.206515 9.961614
v -9.631489 14.457308 9.961614
v -10.648467 14.457308 9.195980
v -10.994769 14.457308 9.961614
v -10.648467 14.457308 10.727246
v 13.159575 9.812226 9.961614
v 13.159575 9.812226 10.774938
v 13.237273 10.561433 9.961614
v 13.237273 10.561433 10.774938
v 1.121227 10.561433 9.961614
v 1.121227 10.561433 10.774938
v 1.121227 9.812226 9.961614
v 1.121227 9.812226 10.774938
v 13.237273 10.561433 10.774938
v 13.237273 9.812226 9.961614
v 13.237273 10.561433 9.961614
v 13.237273 9.812226 10.774938
v 12.890922 9.812226 10.774938
v 12.890922 10.561433 10.774938
v 12.890922 9.812226 9.161672
v 13.237273 9.812226 9.161672
v 13.237273 10.561433 9.161672
v 12.890922 10.561433 9.161672
v 12.890922 10.561433 9.195980
v 11.873943 10.561433 9.961614
v 12.890922 10.561433 10.727246
v 13.237224 10.561433 9.961614
v 11.873943 9.812226 9.961614
v 12.890922 9.812226 9.195980
v 13.237224 9.812226 9.961614
v 12.890922 9.812226 10.727246
v -10.917120 9.812226 9.961614
v -10.917120 9.812226 10.774938
v -10.994819 10.561433 9.961614
v -10.994819 10.561433 10.774938
v -10.994819 10.561433 10.774938
v -10.994819 9.812226 9.961614
v -10.994819 10.561433 9.961614
v -10.994819 9.812226 10.774938
v -10.648467 9.812226 10.774938
v -10.648467 10.561433 10.774938
v -10.648467 9.812226 9.161672
v -10.994819 9.812226 9.161672
v -10.994819 10.561433 9.161672
v -10.648467 10.561433 9.161672
v -10.648467 10.561433 9.195980
v -9.631489 10.561433 9.961614
v -10.648467 10.561433 10.727246
v -10.994769 10.561433 9.961614
v -9.631489 9.812226 9.961614
v -10.648467 9.812226 9.195980
v -10.994769 9.812226 9.961614
v -10.648467 9.812226 10.727246
v 13.159575 5.167145 9.961614
v 13.159575 5.167145 10.774938
v 13.237273 5.916351 9.961614
v 13.237273 5.916351 10.774938
v 1.121227 5.916351 9.961614
v 1.121227 5.916351 10.774938
v 1.121227 5.167145 9.961614
v 1.121227 5.167145 10.774938
v 13.237273 5.916351 10.774938
v 13.237273 5.167145 9.961614
v 13.237273 5.916351 9.961614
v 13.237273 5.167145 10.774938
v 12.890922 5.167145 10.774938
v 12.890922 5.916351 10.774938
v 12.890922 5.167145 9.161672
v 13.237273 5.167145 9.161672
v 13.237273 5.916351 9.161672
v 12.890922 5.916351 9.161672
v 12.890922 5.916351 9.195980
v 11.873943 5.916351 9.961614
v 12.890922 5.916351 10.727246
v 13.237224 5.916351 9.961614
v 11.873943 5.167145 9.961614
v 12.890922 5.167145 9.195980
v 13.237224 5.167145 9.961614
v 12.890922 5.167145 10.727246
v -10.917120 5.167145 9.961614
v -10.917120 5.167145 10.774938
v -10.994819 5.916351 9.961614
v -10.994819 5.916351 10.774938
v -10.994819 5.916351 10.774938
v -10.994819 5.167145 9.961614
v -10.994819 5.916351 9.961614
v -10.994819 5.167145 10.774938
v -10.648467 5.167145 10.774938
v -10.648467 5.916351 10.774938
v -10.648467 5.167145 9.161672
v -10.994819 5.167145 9.161672
v -10.994819 5.916351 9.161672
v -10.648467 5.916351 9.161672
v -10.648467 5.916351 9.195980
v -9.631489 5.916351 9.961614
v -10.648467 5.916351 10.727246
v -10.994769 5.916351 9.961614
v -9.631489 5.167145 9.961614
v -10.648467 5.167145 9.195980
v -10.994769 5.167145 9.961614
v -10.648467 5.167145 10.727246
v 13.159575 0.522062 9.961614
v 13.159575 0.522062 10.774938
v 13.237273 1.271269 9.961614
v 13.237273 1.271269 10.774938
v 1.121227 1.271269 9.961614
v 1.121227 1.271269 10.774938
v 1.121227 0.522062 9.961614
v 1.121227 0.522062 10.774938
v 13.237273 1.271269 10.774938
v 13.237273 0.522062 9.961614
v 13.237273 1.271269 9.961614
v 13.237273 0.522062 10.774938
v 12.890922 0.522062 10.774938
v 12.890922 1.271269 10.774938
v 12.890922 0.522062 9.161672
v 13.237273 0.522062 9.161672
v 13.237273 1.271269 9.161672
v 12.890922 1.271269 9.161672
v 12.890922 1.271269 9.195980
v 11.873943 1.271269 9.961614
v 12.890922 1.271269 10.727246
v 13.237224 1.271269 9.961614
v 11.873943 0.522062 9.961614
v 12.890922 0.522062 9.195980
v 13.237224 0.522062 9.961614
v 12.890922 0.522062 10.727246
v -10.917120 0.522062 9.961614
v -10.917120 0.522062 10.774938
v -10.994819 1.271269 9.961614
v -10.994819 1.271269 10.774938
v -10.994819 1.271269 10.774938
v -10.994819 0.522062 9.961614
v -10.994819 1.271269 9.961614
v -10.994819 0.522062 10.774938
v -10.648467 0.522062 10.774938
v -10.648467 1.271269 10.774938
v -10.648467 0.522062 9.161672
v -10.994819 0.522062 9.161672
v -10.994819 1.271269 9.161672
v -10.648467 1.271269 9.161672
v -10.648467 1.271269 9.195980
v -9.631489 1.271269 9.961614
v -10.648467 1.271269 10.727246
v -10.994769 1.271269 9.961614
v -9.631489 0.522062 9.961614
v -10.648467 0.522062 9.195980
v -10.994769 0.522062 9.961614
v -10.648467 0.522062 10.727246
v 13.159575 -4.123020 9.961614
v 13.159575 -4.123020 10.774938
v 13.237273 -3.373814 9.961614
v 13.237273 -3.373814 10.774938
v 1.121227 -3.373814 9.961614
v 1.121227 -3.373814 10.774938
v 1.121227 -4.123020 9.961614
v 1.121227 -4.123020 10.774938
v 13.237273 -3.373814 10.774938
v 13.237273 -4.123020 9.961614
v 13.237273 -3.373814 9.961614
v 13.237273 -4.123020 10.774938
v 12.890922 -4.123020 10.774938
v 12.890922 -3.373814 10.774938
v 12.890922 -4.123020 9.161672
v 13.237273 -4.123020 9.161672
v 13.237273 -3.373814 9.161672
v 12.890922 -3.373814 9.161672
v 12.890922 -3.373814 9.195980
v 11.873943 -3.373814 9.961614
v 12.890922 -3.373814 10.727246
v 13.237224 -3.373814 9.961614
v 11.873943 -4.123020 9.961614
v 12.890922 -4.123020 9.195980
v 13.237224 -4.123020 9.961614
v 12.890922 -4.123020 10.727246
v -10.917120 -4.123020 9.961614
v -10.917120 -4.123020 10.774938
v -10.994819 -3.373814 9.961614
v -10.994819 -3.373814 10.774938
v -10.994819 -3.373814 10.774938
v -10.994819 -4.123020 9.961614
v -10.994819 -3.373814 9.961614
v -10.994819 -4.123020 10.774938
v -10.648467 -4.123020 10.774938
v -10.648467 -3.373814 10.774938
v -10.648467 -4.123020 9.161672
v -10.994819 -4.123020 9.161672
v -10.994819 -3.373814 9.161672
v -10.648467 -3.373814 9.161672
v -10.648467 -3.373814 9.195980
v -9.631489 -3.373814 9.961614
v -10.648467 -3.373814 10.727246
v -10.994769 -3.373814 9.961614
v -9.631489 -4.123020 9.961614
v -10.648467 -4.123020 9.195980
v -10.994769 -4.123020 9.961614
v -10.648467 -4.123020 10.727246
v 13.159575 -8.768103 9.961614
v 13.159575 -8.768103 10.774938
v 13.237273 -8.018896 9.961614
v 13.237273 -8.018896 10.774938
v 1.121227 -8.018896 9.961614
v 1.121227 -8.018896 10.774938
v 1.121227 -8.768103 9.961614
v 1.121227 -8.768103 10.774938
v 13.237273 -8.018896 10.774938
v 13.237273 -8.768103 9.961614
v 13.237273 -8.018896 9.961614
v 13.237273 -8.768103 10.774938
v 12.890922 -8.768103 10.774938
v 12.890922 -8.018896 10.774938
v 12.890922 -8.768103 9.161672
v 13.237273 -8.768103 9.161672
v 13.237273 -8.018896 9.161672
v 12.890922 -8.018896 9.161672
v 12.890922 -8.018896 9.195980
v 11.873943 -8.018896 9.961614
v 12.890922 -8.018896 10.727246
v 13.237224 -8.018896 9.961614
v 11.873943 -8.768103 9.961614
v 12.890922 -8.768103 9.195980
v 13.237224 -8.768103 9.961614
v 12.890922 -8.768103 10.727246
v -10.917120 -8.768103 9.961614
v -10.917120 -8.768103 10.774938
v -10.994819 -8.018896 9.961614
v -10.994819 -8.018896 10.774938
v -10.994819 -8.018896 10.774938
v -10.994819 -8.768103 9.961614
v -10.994819 -8.018896 9.961614
v -10.994819 -8.768103 10.774938
v -10.648467 -8.768103 10.774938
v -10.648467 -8.018896 10.774938
v -10.648467 -8.768103 9.161672
v -10.994819 -8.768103 9.161672
v -10.994819 -8.018896 9.161672
v -10.648467 -8.018896 9.161672
v -10.648467 -8.018896 9.195980
v -9.631489 -8.018896 9.961614
v -10.648467 -8.018896 10.727246
v -10.994769 -8.018896 9.961614
v -9.631489 -8.768103 9.961614
v -10.648467 -8.768103 9.195980
v -10.994769 -8.768103 9.961614
v -10.648467 -8.768103 10.727246
v 13.159575 -13.413185 9.961614
v 13.159575 -13.413185 10.774938
v 13.237273 -12.663979 9.961614
v 13.237273 -12.663979 10.774938
v 1.121227 -12.663979 9.961614
v 1.121227 -12.663979 10.774938
v 1.121227 -13.413185 9.961614
v 1.121227 -13.413185 10.774938
v 13.237273 -12.663979 10.774938
v 13.237273 -13.413185 9.961614
v 13.237273 -12.663979 9.961614
v 13.237273 -13.413185 10.774938
v 12.890922 -13.413185 10.774938
v 12.890922 -12.663979 10.774938
v 12.890922 -13.413185 9.161672
v 13.237273 -13.413185 9.161672
v 13.237273 -12.663979 9.161672
v 12.890922 -12.663979 9.161672
v 12.890922 -12.663979 9.195980
v 11.873943 -12.663979 9.961614
v 12.890922 -12.663979 10.727246
v 13.237224 -12.663979 9.961614
v 11.873943 -13.413185 9.961614
v 12.890922 -13.413185 9.195980
v 13.237224 -13.413185 9.961614
v 12.890922 -13.413185 10.727246
v -10.917120 -13.413185 9.961614
v -10.917120 -13.413185 10.774938
v -10.994819 -12.663979 9.961614
v -10.994819 -12.663979 10.774938
v -10.994819 -12.663979 10.774938
v -10.994819 -13.413185 9.961614
v -10.994819 -12.663979 9.961614
v -10.994819 -13.413185 10.774938
v -10.648467 -13.413185 10.774938
v -10.648467 -12.663979 10.774938
v -10.648467 -13.413185 9.161672
v -10.994819 -13.413185 9.161672
v -10.994819 -12.663979 9.161672
v -10.648467 -12.663979 9.161672
v -10.648467 -12.663979 9.195980
v -9.631489 -12.663979 9.961614
v -10.648467 -12.663979 10.727246
v -10.994769 -12.663979 9.961614
v -9.631489 -13.413185 9.961614
v -10.648467 -13.413185 9.195980
v -10.994769 -13.413185 9.961614
v -10.648467 -13.413185 10.727246
v 13.159575 -18.058266 9.961614
v 13.159575 -18.058266 10.774938
v 13.237273 -17.309059 9.961614
v 13.237273 -17.309059 10.774938
v 1.121227 -17.309059 9.961614
v 1.121227 -17.309059 10.774938
v 1.121227 -18.058266 9.961614
v 1.121227 -18.058266 10.774938
v 13.237273 -17.309059 10.774938
v 13.237273 -18.058266 9.961614
v 13.237273 -17.309059 9.961614
v 13.237273 -18.058266 10.774938
v 12.890922 -18.058266 10.774938
v 12.890922 -17.309059 10.774938
v 12.890922 -18.058266 9.161672
v 13.237273 -18.058266 9.161672
v 13.237273 -17.309059 9.161672
v 12.890922 -17.309059 9.161672
v 12.890922 -17.309059 9.195980
v 11.873943 -17.309059 9.961614
v 12.890922 -17.309059 10.727246
v 13.237224 -17.309059 9.961614
v 11.873943 -18.058266 9.961614
v 12.890922 -18.058266 9.195980
v 13.237224 -18.058266 9.961614
v 12.890922 -18.058266 10.727246
v -10.917120 -18.058266 9.961614
v -10.917120 -18.058266 10.774938
v -10.994819 -17.309059 9.961614
v -10.994819 -17.309059 10.774938
v -10.994819 -17.309059 10.774938
v -10.994819 -18.058266 9.961614
v -10.994819 -17.309059 9.961614
v -10.994819 -18.058266 10.774938
v -10.648467 -18.058266 10.774938
v -10.648467 -17.309059 10.774938
v -10.648467 -18.058266 9.161672
v -10.994819 -18.058266 9.161672
v -10.994819 -17.309059 9.161672
v -10.648467 -17.309059 9.161672
v -10.648467 -17.309059 9.195980
v -9.631489 -17.309059 9.961614
v -10.648467 -17.309059 10.727246
v -10.994769 -17.309059 9.961614
v -9.631489 -18.058266 9.961614
v -10.648467 -18.058266 9.195980
v -10.994769 -18.058266 9.961614
v -10.648467 -18.058266 10.727246
vn -0.0000 -0.0000 1.0000
vn 0.9947 -0.1032 -0.0000
vn -0.0000 1.0000 -0.0000
vn -0.0000 -0.0000 -1.0000
vn 1.0000 -0.0000 -0.0000
vn -0.0000 -1.0000 -0.0000
vn -0.6015 -0.0000 -0.7989
vn -1.0000 -0.0000 -0.0000
vn -0.9947 -0.1032 -0.0000
vn 0.6015 -0.0000 -0.7989
vt 0.035341 0.569838
vt 0.283232 0.588964
vt 0.283232 0.569838
vt 0.300903 0.569838
vt 0.300903 0.588964
vt 0.532754 0.606267
vt 0.530927 0.588649
vt 0.532754 0.588649
vt 0.718108 0.008145
vt 0.718108 0.284919
vt 0.700490 0.284919
vt 0.700490 0.008145
vt 0.603952 0.588964
vt 0.603952 0.569838
vt 0.605779 0.569838
vt 0.605779 0.588964
vt 0.532754 0.606267
vt 0.532754 0.588649
vt 0.534581 0.588649
vt 0.718108 0.000000
vt 0.700490 0.000000
vt 0.379541 0.606267
vt 0.371397 0.606267
vt 0.371397 0.588649
vt 0.379541 0.588649
vt 0.494651 0.569838
vt 0.512259 0.569838
vt 0.512259 0.588649
vt 0.494651 0.588649
vt 0.037131 0.008145
vt 0.019126 0.032060
vt 0.001122 0.008145
vt 0.019126 0.000001
vt 0.057063 0.537778
vt 0.075068 0.561693
vt 0.057063 0.569836
vt 0.039059 0.561693
vt 0.876672 0.553548
vt 0.859054 0.553548
vt 0.859054 0.529633
vt 0.876672 0.529633
vt 0.876672 0.276774
vt 0.859054 0.276774
vt 0.002420 0.606571
vt 0.002420 0.588964
vt 0.003227 0.588964
vt 0.003227 0.606571
vt 0.019126 0.284919
vt 0.000000 0.284919
vt 0.000000 0.008145
vt 0.019126 0.000000
vt 0.037937 0.000000
vt 0.037937 0.008145
vt 0.000000 0.000000
vt 0.057063 0.569838
vt 0.075875 0.561693
vt 0.075875 0.569838
vt 0.037937 0.569838
vt 0.037937 0.561693
vt 0.037937 0.284919
vt 0.057063 0.284919
vt 0.318573 0.588964
vt 0.300903 0.588964
vt 0.300903 0.569838
vt 0.318573 0.569838
vt 0.534581 0.606267
vt 0.536409 0.588649
vt 0.718108 0.561693
vt 0.700490 0.561693
vt 0.607606 0.588964
vt 0.607606 0.569838
vt 0.538236 0.606267
vt 0.536409 0.588649
vt 0.538236 0.588649
vt 0.718108 0.569838
vt 0.700490 0.569838
vt 0.379541 0.606267
vt 0.379541 0.588649
vt 0.387686 0.588649
vt 0.387686 0.606267
vt 0.529867 0.569838
vt 0.529867 0.588649
vt 0.037130 0.561693
vt 0.019126 0.569836
vt 0.001121 0.561693
vt 0.019126 0.537778
vt 0.057063 0.032060
vt 0.039059 0.008145
vt 0.057063 0.000001
vt 0.075068 0.008145
vt 0.876672 -0.000000
vt 0.876672 0.023915
vt 0.859054 0.023915
vt 0.859054 -0.000000
vt 0.001614 0.588964
vt 0.002420 0.588964
vt 0.002420 0.606571
vt 0.001614 0.606571
vt 0.000000 0.561693
vt 0.037937 0.561693
vt 0.037937 0.569838
vt 0.019126 0.569838
vt 0.000000 0.569838
vt 0.057063 0.000000
vt 0.075875 0.000000
vt 0.075875 0.008145
vt 0.037937 0.008145
vt 0.037937 0.000000
vt 0.247390 0.588964
vt 0.247390 0.569838
vt 0.265060 0.569838
vt 0.265060 0.588964
vt 0.527292 0.606362
vt 0.527292 0.588649
vt 0.529110 0.588837
vt 0.700490 0.008145
vt 0.700490 0.284919
vt 0.682872 0.284919
vt 0.682872 0.008145
vt 0.600298 0.588964
vt 0.600298 0.569838
vt 0.602125 0.569838
vt 0.602125 0.588964
vt 0.593643 0.606362
vt 0.591826 0.588837
vt 0.593643 0.588649
vt 0.700490 -0.000000
vt 0.682872 -0.000000
vt 0.361934 0.606267
vt 0.353789 0.606267
vt 0.353789 0.588649
vt 0.361934 0.588649
vt 0.389004 0.569838
vt 0.406612 0.569838
vt 0.406612 0.588649
vt 0.389004 0.588649
vt 0.113005 0.008145
vt 0.095001 0.032060
vt 0.076996 0.008145
vt 0.095001 0.000001
vt 0.132938 0.537778
vt 0.150942 0.561693
vt 0.132938 0.569836
vt 0.114933 0.561693
vt 0.859054 0.553548
vt 0.841436 0.553548
vt 0.841436 0.529633
vt 0.859054 0.529633
vt 0.859054 0.276774
vt 0.841436 0.276774
vt 0.596267 0.606257
vt 0.596267 0.588649
vt 0.597074 0.588649
vt 0.597074 0.606257
vt 0.095001 0.284919
vt 0.075875 0.284919
vt 0.075875 0.008145
vt 0.095001 0.000000
vt 0.113812 0.000000
vt 0.113812 0.008145
vt 0.075875 0.000000
vt 0.132938 0.569838
vt 0.151749 0.561693
vt 0.151749 0.569838
vt 0.113812 0.569838
vt 0.113812 0.561693
vt 0.113812 0.284919
vt 0.132938 0.284919
vt 0.265561 0.588964
vt 0.265561 0.569838
vt 0.595460 0.606362
vt 0.593643 0.588837
vt 0.595460 0.588649
vt 0.700490 0.561693
vt 0.682872 0.561693
vt 0.603952 0.588964
vt 0.603952 0.569838
vt 0.529110 0.606362
vt 0.529110 0.588649
vt 0.530927 0.588837
vt 0.700490 0.569838
vt 0.682872 0.569838
vt 0.361934 0.606267
vt 0.361934 0.588649
vt 0.370078 0.588649
vt 0.370078 0.606267
vt 0.424220 0.569838
vt 0.424220 0.588649
vt 0.113005 0.561693
vt 0.095001 0.569836
vt 0.076996 0.561693
vt 0.095001 0.537778
vt 0.132938 0.032060
vt 0.114933 0.008145
vt 0.132938 0.000001
vt 0.150942 0.008145
vt 0.859054 -0.000000
vt 0.859054 0.023915
vt 0.841436 0.023915
vt 0.841436 -0.000000
vt 0.597074 0.588649
vt 0.597881 0.588649
vt 0.597881 0.606257
vt 0.075875 0.561693
vt 0.113812 0.561693
vt 0.113812 0.569838
vt 0.095001 0.569838
vt 0.075875 0.569838
vt 0.132938 0.000000
vt 0.151749 0.000000
vt 0.151749 0.008145
vt 0.113812 0.008145
vt 0.113812 0.000000
vt 0.000000 0.588964
vt 0.000000 0.569838
vt 0.017671 0.569838
vt 0.017671 0.588964
vt 0.540063 0.606267
vt 0.540063 0.588649
vt 0.735727 0.008145
vt 0.735726 0.284919
vt 0.501713 0.607775
vt 0.501713 0.588649
vt 0.503540 0.588649
vt 0.503540 0.607775
vt 0.540063 0.606267
vt 0.540063 0.588649
vt 0.541890 0.588649
vt 0.735727 0.000000
vt 0.718108 0.000000
vt 0.395831 0.606267
vt 0.387686 0.606267
vt 0.395831 0.588649
vt 0.424220 0.569838
vt 0.441828 0.569838
vt 0.441828 0.588649
vt 0.424220 0.588649
vt 0.188880 0.008145
vt 0.170875 0.032060
vt 0.152871 0.008145
vt 0.170875 0.000001
vt 0.208813 0.537778
vt 0.226817 0.561693
vt 0.208813 0.569836
vt 0.190808 0.561693
vt 0.894291 0.553548
vt 0.876672 0.553548
vt 0.876672 0.529633
vt 0.894291 0.529633
vt 0.894291 0.276774
vt 0.876672 0.276774
vt 0.597881 0.606257
vt 0.597881 0.588649
vt 0.598688 0.588649
vt 0.598688 0.606257
vt 0.170875 0.284919
vt 0.151749 0.284919
vt 0.151749 0.008145
vt 0.170875 -0.000000
vt 0.189687 -0.000000
vt 0.189687 0.008145
vt 0.151749 -0.000000
vt 0.208813 0.569838
vt 0.227624 0.561693
vt 0.227624 0.569838
vt 0.189687 0.569838
vt 0.189687 0.561693
vt 0.189687 0.284919
vt 0.208813 0.284919
vt 0.035341 0.588964
vt 0.541890 0.606267
vt 0.543717 0.588649
vt 0.735726 0.561693
vt 0.718108 0.561693
vt 0.505367 0.607775
vt 0.503540 0.607775
vt 0.503540 0.588649
vt 0.505367 0.588649
vt 0.545544 0.606267
vt 0.543717 0.588649
vt 0.545544 0.588649
vt 0.735726 0.569838
vt 0.718108 0.569838
vt 0.395831 0.606267
vt 0.395831 0.588649
vt 0.403976 0.588649
vt 0.403976 0.606267
vt 0.459436 0.569838
vt 0.459436 0.588649
vt 0.441828 0.588649
vt 0.441828 0.569838
vt 0.188880 0.561693
vt 0.170875 0.569836
vt 0.152871 0.561693
vt 0.170875 0.537778
vt 0.208813 0.032060
vt 0.190808 0.008145
vt 0.208813 0.000001
vt 0.226817 0.008145
vt 0.894291 0.000000
vt 0.894291 0.023915
vt 0.876672 0.023915
vt 0.876672 -0.000000
vt 0.598688 0.588649
vt 0.599495 0.588649
vt 0.599495 0.606257
vt 0.598688 0.606257
vt 0.151749 0.561693
vt 0.189687 0.561693
vt 0.189687 0.569838
vt 0.170875 0.569838
vt 0.151749 0.569838
vt 0.208813 -0.000000
vt 0.227624 -0.000000
vt 0.227624 0.008145
vt 0.189687 0.008145
vt 0.189687 -0.000000
vt 0.053012 0.569838
vt 0.053012 0.588964
vt 0.547371 0.606267
vt 0.545544 0.588649
vt 0.547371 0.588649
vt 0.753345 0.008145
vt 0.753345 0.284919
vt 0.735727 0.284919
vt 0.735727 0.008145
vt 0.505367 0.607775
vt 0.505367 0.588649
vt 0.507194 0.588649
vt 0.507194 0.607775
vt 0.547371 0.606267
vt 0.547371 0.588649
vt 0.549198 0.588649
vt 0.753345 -0.000000
vt 0.735727 -0.000000
vt 0.412120 0.606267
vt 0.403976 0.606267
vt 0.403976 0.588649
vt 0.412120 0.588649
vt 0.477043 0.569838
vt 0.477043 0.588649
vt 0.264754 0.008145
vt 0.246750 0.032060
vt 0.228745 0.008145
vt 0.246750 0.000001
vt 0.284687 0.537778
vt 0.302692 0.561693
vt 0.284687 0.569836
vt 0.266683 0.561693
vt 0.911909 0.553548
vt 0.894291 0.553548
vt 0.894291 0.529633
vt 0.911909 0.529633
vt 0.911909 0.276774
vt 0.894291 0.276774
vt 0.000000 0.606571
vt 0.000000 0.588964
vt 0.000807 0.588964
vt 0.000807 0.606571
vt 0.246750 0.284919
vt 0.227624 0.284919
vt 0.227624 0.008145
vt 0.246750 -0.000000
vt 0.265561 -0.000000
vt 0.265561 0.008145
vt 0.227624 -0.000000
vt 0.284687 0.569838
vt 0.303499 0.561693
vt 0.303499 0.569838
vt 0.265561 0.569838
vt 0.265561 0.561693
vt 0.265561 0.284919
vt 0.284687 0.284919
vt 0.070683 0.588964
vt 0.070683 0.569838
vt 0.549198 0.606267
vt 0.549198 0.588649
vt 0.551026 0.588649
vt 0.753345 0.561693
vt 0.735727 0.561693
vt 0.509021 0.607775
vt 0.507194 0.607775
vt 0.507194 0.588649
vt 0.509021 0.588649
vt 0.552853 0.606267
vt 0.551026 0.588649
vt 0.552853 0.588649
vt 0.753345 0.569838
vt 0.735727 0.569838
vt 0.412120 0.606267
vt 0.412120 0.588649
vt 0.420265 0.588649
vt 0.420265 0.606267
vt 0.494651 0.569838
vt 0.494651 0.588649
vt 0.477044 0.588649
vt 0.477044 0.569838
vt 0.264754 0.561693
vt 0.246750 0.569836
vt 0.228745 0.561693
vt 0.246750 0.537778
vt 0.284687 0.032060
vt 0.266683 0.008145
vt 0.284687 0.000001
vt 0.302692 0.008145
vt 0.911909 0.000000
vt 0.911909 0.023915
vt 0.894291 0.023915
vt 0.894291 0.000000
vt 0.001614 0.588964
vt 0.001614 0.606571
vt 0.000807 0.606571
vt 0.227624 0.561693
vt 0.265561 0.561693
vt 0.265561 0.569838
vt 0.246750 0.569838
vt 0.227624 0.569838
vt 0.284687 -0.000000
vt 0.303499 0.000000
vt 0.303499 0.008145
vt 0.265561 0.008145
vt 0.265561 -0.000000
vt 0.088353 0.569838
vt 0.088353 0.588964
vt 0.554680 0.606267
vt 0.552853 0.588649
vt 0.554680 0.588649
vt 0.770963 0.008145
vt 0.770963 0.284919
vt 0.753345 0.284919
vt 0.753345 0.008145
vt 0.510848 0.588649
vt 0.510848 0.607775
vt 0.554680 0.606267
vt 0.554680 0.588649
vt 0.556507 0.588649
vt 0.770963 0.000000
vt 0.753345 0.000000
vt 0.428410 0.606267
vt 0.420265 0.606267
vt 0.420265 0.588649
vt 0.428410 0.588649
vt 0.547475 0.569838
vt 0.547475 0.588649
vt 0.340629 0.008145
vt 0.322625 0.032060
vt 0.304620 0.008145
vt 0.322625 0.000001
vt 0.360562 0.537778
vt 0.378566 0.561693
vt 0.360562 0.569836
vt 0.342557 0.561693
vt 0.929527 0.553548
vt 0.911909 0.553548
vt 0.911909 0.529633
vt 0.929527 0.529633
vt 0.929527 0.276774
vt 0.911909 0.276774
vt 0.003227 0.606571
vt 0.003227 0.588964
vt 0.004034 0.588964
vt 0.004034 0.606571
vt 0.322625 0.284919
vt 0.303499 0.284919
vt 0.303499 0.008145
vt 0.322625 0.000000
vt 0.341436 0.000000
vt 0.341436 0.008145
vt 0.303499 0.000000
vt 0.360562 0.569838
vt 0.379373 0.561693
vt 0.379373 0.569838
vt 0.341436 0.569838
vt 0.341436 0.561693
vt 0.341436 0.284919
vt 0.360562 0.284919
vt 0.106024 0.588964
vt 0.106024 0.569838
vt 0.556507 0.606267
vt 0.558334 0.588649
vt 0.770963 0.561693
vt 0.753345 0.561693
vt 0.512675 0.607775
vt 0.510848 0.607775
vt 0.510848 0.588649
vt 0.512675 0.588649
vt 0.560161 0.606267
vt 0.558334 0.588649
vt 0.560161 0.588649
vt 0.770963 0.569838
vt 0.753345 0.569838
vt 0.428410 0.606267
vt 0.428410 0.588649
vt 0.436555 0.588649
vt 0.436555 0.606267
vt 0.565082 0.569838
vt 0.565082 0.588649
vt 0.340629 0.561693
vt 0.322625 0.569836
vt 0.304620 0.561693
vt 0.322625 0.537778
vt 0.360562 0.032060
vt 0.342557 0.008145
vt 0.360562 0.000001
vt 0.378566 0.008145
vt 0.929527 0.000000
vt 0.929527 0.023915
vt 0.911909 0.023915
vt 0.911909 0.000000
vt 0.004034 0.588964
vt 0.004841 0.588964
vt 0.004841 0.606571
vt 0.004034 0.606571
vt 0.303499 0.561693
vt 0.341436 0.561693
vt 0.341436 0.569838
vt 0.322625 0.569838
vt 0.303499 0.569838
vt 0.360562 0.000000
vt 0.379373 0.000000
vt 0.379373 0.008145
vt 0.341436 0.008145
vt 0.341436 0.000000
vt 0.123695 0.569838
vt 0.123695 0.588964
vt 0.561988 0.606267
vt 0.560161 0.588649
vt 0.561988 0.588649
vt 0.788581 0.008145
vt 0.788581 0.284919
vt 0.770963 0.284919
vt 0.770963 0.008145
vt 0.512675 0.607775
vt 0.512675 0.588649
vt 0.514502 0.588649
vt 0.514502 0.607775
vt 0.561988 0.606267
vt 0.561988 0.588649
vt 0.563815 0.588649
vt 0.788581 -0.000000
vt 0.770963 -0.000000
vt 0.444699 0.606267
vt 0.436555 0.606267
vt 0.436555 0.588649
vt 0.444699 0.588649
vt 0.582690 0.569838
vt 0.582690 0.588649
vt 0.416504 0.008145
vt 0.398499 0.032060
vt 0.380495 0.008145
vt 0.398499 0.000001
vt 0.436437 0.537778
vt 0.454441 0.561693
vt 0.436437 0.569836
vt 0.418432 0.561693
vt 0.947145 0.553548
vt 0.929527 0.553548
vt 0.929527 0.529633
vt 0.947145 0.529633
vt 0.947145 0.276774
vt 0.929527 0.276774
vt 0.004841 0.606571
vt 0.004841 0.588964
vt 0.005648 0.588964
vt 0.005648 0.606571
vt 0.398499 0.284919
vt 0.379373 0.284919
vt 0.398499 0.000000
vt 0.417311 0.000000
vt 0.417311 0.008145
vt 0.436437 0.569838
vt 0.455248 0.561693
vt 0.455248 0.569838
vt 0.417311 0.569838
vt 0.417311 0.561693
vt 0.417311 0.284919
vt 0.436437 0.284919
vt 0.141365 0.588964
vt 0.141365 0.569838
vt 0.565082 0.606267
vt 0.565082 0.588649
vt 0.566909 0.588649
vt 0.788581 0.561693
vt 0.770963 0.561693
vt 0.516330 0.607775
vt 0.514502 0.607775
vt 0.514502 0.588649
vt 0.516330 0.588649
vt 0.568737 0.606267
vt 0.566909 0.588649
vt 0.568737 0.588649
vt 0.788581 0.569838
vt 0.770963 0.569838
vt 0.444699 0.606267
vt 0.444699 0.588649
vt 0.452844 0.588649
vt 0.452844 0.606267
vt 0.600298 0.588649
vt 0.416504 0.561693
vt 0.398499 0.569836
vt 0.380495 0.561693
vt 0.398499 0.537778
vt 0.436437 0.032060
vt 0.418432 0.008145
vt 0.436437 0.000001
vt 0.454441 0.008145
vt 0.947145 0.000000
vt 0.947145 0.023915
vt 0.929527 0.023915
vt 0.929527 0.000000
vt 0.005648 0.588964
vt 0.006454 0.588964
vt 0.006454 0.606571
vt 0.005648 0.606571
vt 0.417310 0.561693
vt 0.417310 0.569838
vt 0.398499 0.569838
vt 0.436437 0.000000
vt 0.455248 0.000000
vt 0.455248 0.008145
vt 0.417311 0.008145
vt 0.417311 0.000000
vt 0.159036 0.569838
vt 0.159036 0.588964
vt 0.570564 0.606267
vt 0.568737 0.588649
vt 0.570564 0.588649
vt 0.806199 0.008145
vt 0.806199 0.284919
vt 0.788581 0.284919
vt 0.788581 0.008145
vt 0.523638 0.607775
vt 0.523638 0.588649
vt 0.525465 0.588649
vt 0.525465 0.607775
vt 0.570564 0.606267
vt 0.570564 0.588649
vt 0.572391 0.588649
vt 0.806199 -0.000000
vt 0.788581 -0.000000
vt 0.460989 0.606267
vt 0.452844 0.588649
vt 0.460989 0.588649
vt 0.318573 0.588649
vt 0.336181 0.588649
vt 0.336181 0.607460
vt 0.318573 0.607460
vt 0.492378 0.008145
vt 0.474374 0.032060
vt 0.456369 0.008145
vt 0.474374 0.000001
vt 0.512311 0.537778
vt 0.530316 0.561693
vt 0.512311 0.569836
vt 0.494307 0.561693
vt 0.964763 0.553548
vt 0.964763 0.529633
vt 0.964764 0.276774
vt 0.947145 0.276774
vt 0.006454 0.606571
vt 0.006454 0.588964
vt 0.007261 0.588964
vt 0.007261 0.606571
vt 0.474374 0.284919
vt 0.455248 0.284919
vt 0.455248 0.008145
vt 0.474374 -0.000000
vt 0.493185 -0.000000
vt 0.493185 0.008145
vt 0.455248 -0.000000
vt 0.512311 0.569838
vt 0.531122 0.561693
vt 0.531122 0.569838
vt 0.493185 0.569838
vt 0.493185 0.561693
vt 0.493185 0.284919
vt 0.512311 0.284919
vt 0.176707 0.588964
vt 0.159036 0.588964
vt 0.159036 0.569838
vt 0.176707 0.569838
vt 0.572391 0.606267
vt 0.572391 0.588649
vt 0.574218 0.588649
vt 0.806199 0.561693
vt 0.527292 0.607775
vt 0.525465 0.607775
vt 0.525465 0.588649
vt 0.527292 0.588649
vt 0.576045 0.606267
vt 0.576045 0.588649
vt 0.806199 0.569838
vt 0.460989 0.606267
vt 0.460989 0.588649
vt 0.469134 0.588649
vt 0.469134 0.606267
vt 0.353789 0.588649
vt 0.353789 0.607460
vt 0.336181 0.607460
vt 0.336181 0.588649
vt 0.492378 0.561693
vt 0.474374 0.569836
vt 0.456369 0.561693
vt 0.474374 0.537778
vt 0.512311 0.032060
vt 0.494307 0.008145
vt 0.512311 0.000001
vt 0.530316 0.008145
vt 0.964764 0.000000
vt 0.964764 0.023915
vt 0.947145 0.023915
vt 0.947145 0.000000
vt 0.007261 0.588964
vt 0.008068 0.588964
vt 0.008068 0.606571
vt 0.007261 0.606571
vt 0.493185 0.561693
vt 0.493185 0.569838
vt 0.474374 0.569838
vt 0.512311 -0.000000
vt 0.531123 -0.000000
vt 0.531123 0.008145
vt 0.493185 0.008145
vt 0.493185 -0.000000
vt 0.176707 0.588964
vt 0.176707 0.569838
vt 0.194377 0.569838
vt 0.194377 0.588964
vt 0.577872 0.606267
vt 0.576045 0.588649
vt 0.577872 0.588649
vt 0.823818 0.008145
vt 0.823818 0.284919
vt 0.806199 0.284919
vt 0.806199 0.008145
vt 0.516330 0.607775
vt 0.516330 0.588649
vt 0.518157 0.588649
vt 0.518157 0.607775
vt 0.577872 0.606267
vt 0.577872 0.588649
vt 0.579699 0.588649
vt 0.823818 0.000000
vt 0.806199 0.000000
vt 0.477278 0.606267
vt 0.469134 0.606267
vt 0.469134 0.588649
vt 0.477278 0.588649
vt 0.336181 0.569838
vt 0.318573 0.588649
vt 0.568253 0.008145
vt 0.550249 0.032060
vt 0.532244 0.008145
vt 0.550249 0.000001
vt 0.588186 0.537778
vt 0.606190 0.561693
vt 0.588186 0.569836
vt 0.570181 0.561693
vt 0.982382 0.553548
vt 0.964763 0.553548
vt 0.964763 0.529633
vt 0.982382 0.529633
vt 0.982382 0.276774
vt 0.964763 0.276774
vt 0.370078 0.606257
vt 0.370885 0.588649
vt 0.370885 0.606257
vt 0.550248 0.284919
vt 0.531123 0.284919
vt 0.550249 -0.000000
vt 0.569060 -0.000000
vt 0.569060 0.008145
vt 0.531123 -0.000000
vt 0.588186 0.569838
vt 0.606997 0.561693
vt 0.606997 0.569838
vt 0.569060 0.569838
vt 0.569060 0.561693
vt 0.569060 0.284919
vt 0.588186 0.284919
vt 0.212048 0.588964
vt 0.194378 0.588964
vt 0.194378 0.569838
vt 0.212048 0.569838
vt 0.579699 0.606267
vt 0.581526 0.588649
vt 0.823818 0.561693
vt 0.806199 0.561693
vt 0.519984 0.607775
vt 0.518157 0.607775
vt 0.518157 0.588649
vt 0.519984 0.588649
vt 0.584517 0.606267
vt 0.582690 0.588649
vt 0.584517 0.588649
vt 0.823818 0.569838
vt 0.806199 0.569838
vt 0.477278 0.606267
vt 0.477278 0.588649
vt 0.485423 0.588649
vt 0.485423 0.606267
vt 0.353789 0.569838
vt 0.353789 0.588649
vt 0.568253 0.561693
vt 0.550248 0.569836
vt 0.532244 0.561693
vt 0.550248 0.537778
vt 0.588186 0.032060
vt 0.570181 0.008145
vt 0.588186 0.000001
vt 0.606190 0.008145
vt 0.982382 0.000000
vt 0.982382 0.023915
vt 0.964763 0.023915
vt 0.964763 0.000000
vt 0.563815 0.588649
vt 0.564622 0.588649
vt 0.564622 0.606257
vt 0.563815 0.606257
vt 0.569060 0.561693
vt 0.569060 0.569838
vt 0.550248 0.569838
vt 0.588186 -0.000000
vt 0.606997 0.000000
vt 0.606997 0.008145
vt 0.569060 0.008145
vt 0.569060 -0.000000
vt 0.212048 0.588964
vt 0.212048 0.569838
vt 0.229719 0.569838
vt 0.229719 0.588964
vt 0.586344 0.606267
vt 0.586344 0.588649
vt 0.841436 0.008145
vt 0.841436 0.284919
vt 0.823818 0.284919
vt 0.823818 0.008145
vt 0.519984 0.607775
vt 0.519984 0.588649
vt 0.521811 0.588649
vt 0.521811 0.607775
vt 0.586344 0.606267
vt 0.586344 0.588649
vt 0.588171 0.588649
vt 0.841436 -0.000000
vt 0.823818 -0.000000
vt 0.493568 0.606267
vt 0.493568 0.588649
vt 0.371397 0.569838
vt 0.371397 0.588649
vt 0.644128 0.008145
vt 0.626123 0.032060
vt 0.608119 0.008145
vt 0.626123 0.000001
vt 0.664060 0.537778
vt 0.682065 0.561693
vt 0.664060 0.569836
vt 0.646056 0.561693
vt 1.000000 0.553548
vt 1.000000 0.529633
vt 1.000000 0.276774
vt 0.581883 0.606257
vt 0.581883 0.588649
vt 0.582690 0.588649
vt 0.582690 0.606257
vt 0.626123 0.284919
vt 0.606997 0.284919
vt 0.626123 0.000000
vt 0.644934 0.000000
vt 0.644934 0.008145
vt 0.606997 0.000000
vt 0.664060 0.569838
vt 0.682872 0.561693
vt 0.682872 0.569838
vt 0.644934 0.569838
vt 0.644934 0.561693
vt 0.644934 0.284919
vt 0.664060 0.284919
vt 0.247390 0.588964
vt 0.229719 0.588964
vt 0.229719 0.569838
vt 0.247390 0.569838
vt 0.588171 0.606267
vt 0.589999 0.588649
vt 0.841436 0.561693
vt 0.523638 0.607775
vt 0.521811 0.607775
vt 0.521811 0.588649
vt 0.523638 0.588649
vt 0.591826 0.606267
vt 0.591826 0.588649
vt 0.841436 0.569838
vt 0.493568 0.606267
vt 0.493568 0.588649
vt 0.501713 0.588649
vt 0.501713 0.606267
vt 0.389004 0.569838
vt 0.389004 0.588649
vt 0.644128 0.561693
vt 0.626123 0.569836
vt 0.608119 0.561693
vt 0.626123 0.537778
vt 0.664060 0.032060
vt 0.646056 0.008145
vt 0.664060 0.000001
vt 0.682065 0.008145
vt 1.000000 0.000000
vt 1.000000 0.023915
vt 0.595461 0.588649
vt 0.596267 0.588649
vt 0.596267 0.606257
vt 0.595461 0.606257
vt 0.644934 0.561693
vt 0.644934 0.569838
vt 0.626123 0.569838
vt 0.606997 0.569838
vt 0.664060 0.000000
vt 0.682872 0.000000
vt 0.682872 0.008145
vt 0.644935 0.008145
vt 0.644935 0.000000
s 0
usemtl Halle
f 395/831/18 393/831/18 388/831/18 387/831/18
f 387/832/19 388/833/19 386/834/19 385/835/19
f 395/836/18 387/836/18 385/837/18 394/838/18
f 398/839/18 390/840/18 392/841/18 397/842/18
f 385/843/20 386/844/20 396/845/20 394/846/20
f 388/847/21 393/847/21 396/848/21 386/849/21
f 393/850/18 398/839/18 397/842/18 396/851/18
f 402/852/21 401/853/21 400/854/21 399/855/21
f 395/856/22 394/857/22 400/858/22 401/859/22
f 403/860/20 404/861/20 405/862/20 406/863/20
f 407/864/23 408/865/23 409/866/23 410/867/23
f 403/868/24 408/869/24 407/870/24 404/871/24
f 389/872/21 404/871/21 407/870/21 391/873/21
f 408/874/25 403/875/25 402/876/25 399/877/25
f 389/878/20 390/879/20 398/880/20 405/862/20 404/861/20
f 403/860/20 406/863/20 395/881/20 401/882/20 402/883/20
f 406/863/20 405/862/20 398/880/20 393/884/20 395/881/20
f 394/885/23 409/866/23 408/865/23 399/886/23 400/887/23
f 394/885/23 396/888/23 397/889/23 410/867/23 409/866/23
f 407/864/23 410/867/23 397/889/23 392/890/23 391/891/23
f 417/831/18 413/831/18 414/831/18 415/831/18
f 413/892/26 411/893/26 412/894/26 414/895/26
f 417/896/18 416/849/18 411/897/18 413/896/18
f 420/898/18 419/899/18 392/841/18 390/840/18
f 411/900/20 416/846/20 418/845/20 412/901/20
f 414/902/21 412/903/21 418/904/21 415/902/21
f 415/905/18 418/906/18 419/899/18 420/898/18
f 424/907/21 421/908/21 422/909/21 423/910/21
f 417/911/25 423/912/25 422/858/25 416/857/25
f 425/913/20 428/914/20 427/915/20 426/916/20
f 429/917/23 432/918/23 431/919/23 430/920/23
f 425/921/27 426/922/27 429/923/27 430/924/27
f 389/872/21 391/873/21 429/923/21 426/922/21
f 430/925/22 421/926/22 424/927/22 425/928/22
f 389/878/20 426/916/20 427/915/20 420/929/20 390/879/20
f 425/913/20 424/930/20 423/931/20 417/932/20 428/914/20
f 428/914/20 417/932/20 415/933/20 420/929/20 427/915/20
f 416/934/23 422/935/23 421/936/23 430/920/23 431/919/23
f 416/934/23 431/919/23 432/918/23 419/937/23 418/938/23
f 429/917/23 391/891/23 392/890/23 419/937/23 432/918/23
f 443/831/18 441/831/18 436/831/18 435/831/18
f 435/939/19 436/940/19 434/941/19 433/942/19
f 443/943/18 435/943/18 433/944/18 442/945/18
f 446/946/18 438/947/18 440/948/18 445/949/18
f 433/950/20 434/951/20 444/952/20 442/953/20
f 436/954/21 441/954/21 444/955/21 434/956/21
f 441/957/18 446/946/18 445/949/18 444/958/18
f 450/959/21 449/960/21 448/961/21 447/962/21
f 443/963/22 442/964/22 448/965/22 449/966/22
f 451/967/20 452/968/20 453/969/20 454/970/20
f 455/971/23 456/972/23 457/973/23 458/974/23
f 451/975/24 456/976/24 455/977/24 452/978/24
f 437/979/21 452/978/21 455/977/21 439/980/21
f 456/981/25 451/982/25 450/983/25 447/984/25
f 437/985/20 438/986/20 446/987/20 453/969/20 452/968/20
f 451/967/20 454/970/20 443/988/20 449/989/20 450/990/20
f 454/970/20 453/969/20 446/987/20 441/991/20 443/988/20
f 442/992/23 457/973/23 456/972/23 447/993/23 448/994/23
f 442/992/23 444/995/23 445/996/23 458/974/23 457/973/23
f 455/971/23 458/974/23 445/996/23 440/997/23 439/998/23
f 465/831/18 461/831/18 462/831/18 463/831/18
f 461/832/26 459/999/26 460/1000/26 462/833/26
f 465/1001/18 464/1002/18 459/1003/18 461/1001/18
f 468/1004/18 467/1005/18 440/948/18 438/947/18
f 459/1006/20 464/953/20 466/952/20 460/1007/20
f 462/1008/21 460/1009/21 466/1010/21 463/1008/21
f 463/1011/18 466/1012/18 467/1005/18 468/1004/18
f 472/1013/21 469/1014/21 470/1015/21 471/1016/21
f 465/1017/25 471/1018/25 470/965/25 464/964/25
f 473/1019/20 476/1020/20 475/1021/20 474/1022/20
f 477/1023/23 480/1024/23 479/1025/23 478/1026/23
f 473/1027/27 474/1028/27 477/1029/27 478/1030/27
f 437/979/21 439/980/21 477/1029/21 474/1028/21
f 478/1031/22 469/1032/22 472/1033/22 473/984/22
f 437/985/20 474/1022/20 475/1021/20 468/1034/20 438/986/20
f 473/1019/20 472/1035/20 471/1036/20 465/1037/20 476/1020/20
f 476/1020/20 465/1037/20 463/1038/20 468/1034/20 475/1021/20
f 464/1039/23 470/1040/23 469/1041/23 478/1026/23 479/1025/23
f 464/1039/23 479/1025/23 480/1024/23 467/1042/23 466/1043/23
f 477/1023/23 439/998/23 440/997/23 467/1042/23 480/1024/23
f 491/831/18 489/831/18 484/831/18 483/831/18
f 483/1044/19 484/1045/19 482/1046/19 481/1047/19
f 491/1048/18 483/1048/18 481/904/18 490/1049/18
f 494/1050/18 486/1051/18 488/840/18 493/839/18
f 481/1052/20 482/1053/20 492/1054/20 490/1055/20
f 484/1056/21 489/1056/21 492/1057/21 482/1058/21
f 489/1059/18 494/1050/18 493/839/18 492/1060/18
f 498/1061/21 497/1062/21 496/909/21 495/1063/21
f 491/1064/22 490/1065/22 496/1066/22 497/1067/22
f 499/1068/20 500/1069/20 501/1070/20 502/1071/20
f 503/1072/23 504/1073/23 505/1074/23 506/1075/23
f 499/1076/24 504/1077/24 503/1078/24 500/1079/24
f 485/1080/21 500/1079/21 503/1078/21 487/1081/21
f 504/1082/25 499/1083/25 498/1084/25 495/1085/25
f 485/1086/20 486/1087/20 494/1088/20 501/1070/20 500/1069/20
f 499/1068/20 502/1071/20 491/1089/20 497/1090/20 498/1091/20
f 502/1071/20 501/1070/20 494/1088/20 489/1092/20 491/1089/20
f 490/1093/23 505/1074/23 504/1073/23 495/1094/23 496/1095/23
f 490/1093/23 492/1096/23 493/1097/23 506/1075/23 505/1074/23
f 503/1072/23 506/1075/23 493/1097/23 488/1098/23 487/1099/23
f 513/831/18 509/831/18 510/831/18 511/831/18
f 509/1100/26 507/1047/26 508/1046/26 510/831/26
f 513/1101/18 512/1058/18 507/1102/18 509/1101/18
f 516/1103/18 515/1104/18 488/840/18 486/1051/18
f 507/1105/20 512/1106/20 514/1107/20 508/1108/20
f 510/1109/21 508/1110/21 514/1111/21 511/1109/21
f 511/1112/18 514/1113/18 515/1104/18 516/1103/18
f 520/1114/21 517/1115/21 518/1116/21 519/1117/21
f 513/1118/25 519/1119/25 518/1120/25 512/1121/25
f 521/1122/20 524/1123/20 523/1124/20 522/1125/20
f 525/1126/23 528/1127/23 527/1128/23 526/1129/23
f 521/1130/27 522/1131/27 525/1132/27 526/1133/27
f 485/1080/21 487/1081/21 525/1132/21 522/1131/21
f 526/1134/22 517/1135/22 520/1136/22 521/1137/22
f 485/1086/20 522/1125/20 523/1124/20 516/1138/20 486/1087/20
f 521/1122/20 520/1139/20 519/1140/20 513/1141/20 524/1123/20
f 524/1123/20 513/1141/20 511/1142/20 516/1138/20 523/1124/20
f 512/1143/23 518/1144/23 517/1145/23 526/1129/23 527/1128/23
f 512/1143/23 527/1128/23 528/1127/23 515/1146/23 514/1147/23
f 525/1126/23 487/1099/23 488/1098/23 515/1146/23 528/1127/23
f 539/831/18 537/831/18 532/831/18 531/831/18
f 531/1100/19 532/831/19 530/1148/19 529/1149/19
f 539/1150/18 531/1150/18 529/1151/18 538/1152/18
f 542/1153/18 534/1154/18 536/1155/18 541/1156/18
f 529/1157/20 530/1158/20 540/1159/20 538/1160/20
f 532/1161/21 537/1161/21 540/1162/21 530/1163/21
f 537/1164/18 542/1153/18 541/1156/18 540/1165/18
f 546/1166/21 545/1167/21 544/1168/21 543/1169/21
f 539/1118/22 538/1170/22 544/1171/22 545/1119/22
f 547/1172/20 548/1173/20 549/1174/20 550/1175/20
f 551/1176/23 552/1177/23 553/1178/23 554/1179/23
f 547/1180/24 552/1181/24 551/1182/24 548/1183/24
f 533/1184/21 548/1183/21 551/1182/21 535/1185/21
f 552/1186/25 547/1187/25 546/1188/25 543/1189/25
f 533/1190/20 534/1191/20 542/1192/20 549/1174/20 548/1173/20
f 547/1172/20 550/1175/20 539/1193/20 545/1194/20 546/1195/20
f 550/1175/20 549/1174/20 542/1192/20 537/1196/20 539/1193/20
f 538/1197/23 553/1178/23 552/1177/23 543/1198/23 544/1199/23
f 538/1197/23 540/1200/23 541/1201/23 554/1179/23 553/1178/23
f 551/1176/23 554/1179/23 541/1201/23 536/1202/23 535/1203/23
f 561/831/18 557/831/18 558/831/18 559/831/18
f 557/1204/26 555/1149/26 556/1148/26 558/1205/26
f 561/1206/18 560/1207/18 555/1208/18 557/1206/18
f 564/1209/18 563/1210/18 536/1155/18 534/1154/18
f 555/1211/20 560/1212/20 562/1213/20 556/1214/20
f 558/1215/21 556/1216/21 562/1217/21 559/1215/21
f 559/1218/18 562/1219/18 563/1210/18 564/1209/18
f 568/1220/21 565/1221/21 566/1222/21 567/1223/21
f 561/1224/25 567/1225/25 566/1226/25 560/1227/25
f 569/1228/20 572/1229/20 571/1230/20 570/1231/20
f 573/1232/23 576/1233/23 575/1234/23 574/1235/23
f 569/1236/27 570/1237/27 573/1238/27 574/1239/27
f 533/1184/21 535/1185/21 573/1238/21 570/1237/21
f 574/1188/22 565/1240/22 568/1241/22 569/1242/22
f 533/1190/20 570/1231/20 571/1230/20 564/1243/20 534/1191/20
f 569/1228/20 568/1244/20 567/1245/20 561/1246/20 572/1229/20
f 572/1229/20 561/1246/20 559/1247/20 564/1243/20 571/1230/20
f 560/1248/23 566/1249/23 565/1250/23 574/1235/23 575/1234/23
f 560/1248/23 575/1234/23 576/1233/23 563/1251/23 562/1252/23
f 573/1232/23 535/1203/23 536/1202/23 563/1251/23 576/1233/23
f 587/831/18 585/831/18 580/831/18 579/831/18
f 579/1204/19 580/1205/19 578/1253/19 577/1254/19
f 587/1255/18 579/1255/18 577/1256/18 586/1257/18
f 590/1258/18 582/1259/18 584/1260/18 589/1261/18
f 577/1211/20 578/1214/20 588/1262/20 586/1263/20
f 580/1264/21 585/1264/21 588/1265/21 578/1266/21
f 585/1267/18 590/1258/18 589/1261/18 588/1268/18
f 594/1269/21 593/1270/21 592/1271/21 591/1272/21
f 587/911/22 586/1273/22 592/1274/22 593/912/22
f 595/1275/20 596/1276/20 597/1277/20 598/1278/20
f 599/1279/23 600/1280/23 601/1281/23 602/1282/23
f 595/1283/24 600/1284/24 599/1285/24 596/1286/24
f 581/1287/21 596/1286/21 599/1285/21 583/1288/21
f 600/1289/25 595/1290/25 594/1291/25 591/1292/25
f 581/1293/20 582/1294/20 590/1295/20 597/1277/20 596/1276/20
f 595/1275/20 598/1278/20 587/1296/20 593/1297/20 594/1298/20
f 598/1278/20 597/1277/20 590/1295/20 585/1299/20 587/1296/20
f 586/1300/23 601/1281/23 600/1280/23 591/1301/23 592/1302/23
f 586/1300/23 588/1303/23 589/1304/23 602/1282/23 601/1281/23
f 599/1279/23 602/1282/23 589/1304/23 584/1305/23 583/1306/23
f 609/831/18 605/831/18 606/831/18 607/831/18
f 605/1307/26 603/1254/26 604/1253/26 606/1308/26
f 609/1309/18 608/1266/18 603/1310/18 605/1309/18
f 612/1311/18 611/1312/18 584/1260/18 582/1259/18
f 603/1313/20 608/1314/20 610/1315/20 604/1316/20
f 606/1317/21 604/1318/21 610/1319/21 607/1317/21
f 607/1320/18 610/1321/18 611/1312/18 612/1311/18
f 616/1322/21 613/1323/21 614/1324/21 615/1325/21
f 609/1326/25 615/1327/25 614/1274/25 608/1273/25
f 617/1328/20 620/1329/20 619/1330/20 618/1331/20
f 621/1332/23 624/1333/23 623/1334/23 622/1335/23
f 617/1336/27 618/1337/27 621/1338/27 622/1339/27
f 581/1287/21 583/1288/21 621/1338/21 618/1337/21
f 622/1340/22 613/1341/22 616/1342/22 617/1343/22
f 581/1293/20 618/1331/20 619/1330/20 612/1344/20 582/1294/20
f 617/1328/20 616/1345/20 615/1346/20 609/1347/20 620/1329/20
f 620/1329/20 609/1347/20 607/1348/20 612/1344/20 619/1330/20
f 608/1349/23 614/1350/23 613/1351/23 622/1335/23 623/1334/23
f 608/1349/23 623/1334/23 624/1333/23 611/1352/23 610/1353/23
f 621/1332/23 583/1306/23 584/1305/23 611/1352/23 624/1333/23
f 635/831/18 633/831/18 628/831/18 627/831/18
f 627/1307/19 628/1308/19 626/1354/19 625/1355/19
f 635/1356/18 627/1356/18 625/1357/18 634/1358/18
f 638/1359/18 630/1360/18 632/1361/18 637/1362/18
f 625/1363/20 626/1364/20 636/1365/20 634/1366/20
f 628/1367/21 633/1367/21 636/1368/21 626/1369/21
f 633/1370/18 638/1359/18 637/1362/18 636/1371/18
f 642/1372/21 641/1373/21 640/1374/21 639/1375/21
f 635/1326/22 634/1376/22 640/1377/22 641/1327/22
f 643/1378/20 644/1379/20 645/1380/20 646/1381/20
f 647/1382/23 648/1383/23 649/1384/23 650/1385/23
f 643/1386/24 648/1387/24 647/1388/24 644/1389/24
f 629/1390/21 644/1389/21 647/1388/21 631/1391/21
f 648/1392/25 643/1393/25 642/1394/25 639/1395/25
f 629/1396/20 630/1397/20 638/1351/20 645/1380/20 644/1379/20
f 643/1378/20 646/1381/20 635/1398/20 641/1399/20 642/1400/20
f 646/1381/20 645/1380/20 638/1351/20 633/1350/20 635/1398/20
f 634/1401/23 649/1384/23 648/1383/23 639/1402/23 640/1403/23
f 634/1401/23 636/1404/23 637/1405/23 650/1385/23 649/1384/23
f 647/1382/23 650/1385/23 637/1405/23 632/1406/23 631/1407/23
f 657/831/18 653/831/18 654/831/18 655/831/18
f 653/1408/26 651/1355/26 652/1354/26 654/1409/26
f 657/1410/18 656/1411/18 651/1412/18 653/1410/18
f 660/1413/18 659/1414/18 632/1361/18 630/1360/18
f 651/1415/20 656/1416/20 658/1417/20 652/1418/20
f 654/1419/21 652/1420/21 658/1421/21 655/1419/21
f 655/1422/18 658/1423/18 659/1414/18 660/1413/18
f 664/1424/21 661/1425/21 662/1426/21 663/1427/21
f 657/951/25 663/1428/25 662/1377/25 656/1376/25
f 665/1429/20 668/1430/20 667/1431/20 666/1432/20
f 669/1433/23 672/1434/23 671/1435/23 670/1436/23
f 665/1437/27 666/1438/27 669/1439/27 670/1440/27
f 629/1390/21 631/1391/21 669/1439/21 666/1438/21
f 670/1441/22 661/1442/22 664/1443/22 665/1444/22
f 629/1396/20 666/1432/20 667/1431/20 660/1301/20 630/1397/20
f 665/1429/20 664/1445/20 663/1446/20 657/1447/20 668/1430/20
f 668/1430/20 657/1447/20 655/1302/20 660/1301/20 667/1431/20
f 656/1448/23 662/1449/23 661/1450/23 670/1436/23 671/1435/23
f 656/1448/23 671/1435/23 672/1434/23 659/1451/23 658/1452/23
f 669/1433/23 631/1407/23 632/1406/23 659/1451/23 672/1434/23
f 683/831/18 681/831/18 676/831/18 675/831/18
f 675/1408/19 676/1409/19 674/1453/19 673/1454/19
f 683/1455/18 675/1455/18 673/1456/18 682/1457/18
f 686/1458/18 678/1459/18 680/1460/18 685/1461/18
f 673/1462/20 674/1463/20 684/1464/20 682/1465/20
f 676/1466/21 681/1466/21 684/1467/21 674/1468/21
f 681/1469/18 686/1458/18 685/1461/18 684/1470/18
f 690/1471/21 689/1427/21 688/1472/21 687/1473/21
f 683/1474/22 682/1475/22 688/1476/22 689/1477/22
f 691/1478/20 692/1479/20 693/1480/20 694/1481/20
f 695/1482/23 696/1483/23 697/1484/23 698/1485/23
f 691/1486/24 696/1386/24 695/1389/24 692/1487/24
f 677/1488/21 692/1487/21 695/1389/21 679/1489/21
f 696/1490/25 691/1491/25 690/1492/25 687/1493/25
f 677/1494/20 678/1495/20 686/1496/20 693/1480/20 692/1479/20
f 691/1478/20 694/1481/20 683/1497/20 689/1498/20 690/1499/20
f 694/1481/20 693/1480/20 686/1496/20 681/1500/20 683/1497/20
f 682/1501/23 697/1484/23 696/1483/23 687/1502/23 688/1503/23
f 682/1501/23 684/1504/23 685/1505/23 698/1485/23 697/1484/23
f 695/1482/23 698/1485/23 685/1505/23 680/1506/23 679/1507/23
f 705/831/18 701/831/18 702/831/18 703/831/18
f 701/1508/26 699/1509/26 700/1510/26 702/1511/26
f 705/1512/18 704/1513/18 699/1514/18 701/1512/18
f 708/1515/18 707/1413/18 680/1460/18 678/1459/18
f 699/1516/20 704/1517/20 706/1518/20 700/1519/20
f 702/1520/21 700/1514/21 706/1521/21 703/1520/21
f 703/1522/18 706/1422/18 707/1413/18 708/1515/18
f 712/1523/21 709/1524/21 710/1525/21 711/1526/21
f 705/1527/25 711/1528/25 710/1529/25 704/1530/25
f 713/1531/20 716/1532/20 715/1533/20 714/1534/20
f 717/1535/23 720/1536/23 719/1537/23 718/1538/23
f 713/1539/27 714/1540/27 717/1541/27 718/1542/27
f 677/1488/21 679/1489/21 717/1541/21 714/1540/21
f 718/1543/22 709/1544/22 712/1545/22 713/1546/22
f 677/1494/20 714/1534/20 715/1533/20 708/1402/20 678/1495/20
f 713/1531/20 712/1547/20 711/1548/20 705/1549/20 716/1532/20
f 716/1532/20 705/1549/20 703/1403/20 708/1402/20 715/1533/20
f 704/1550/23 710/1551/23 709/1552/23 718/1538/23 719/1537/23
f 704/1550/23 719/1537/23 720/1536/23 707/1553/23 706/1554/23
f 717/1535/23 679/1507/23 680/1506/23 707/1553/23 720/1536/23
f 731/831/18 729/831/18 724/831/18 723/831/18
f 723/1555/19 724/1556/19 722/1557/19 721/1558/19
f 731/1559/18 723/1559/18 721/1560/18 730/1561/18
f 734/1562/18 726/1563/18 728/1564/18 733/1565/18
f 721/1566/20 722/1567/20 732/1568/20 730/1569/20
f 724/1570/21 729/1570/21 732/1571/21 722/1572/21
f 729/1573/18 734/1562/18 733/1565/18 732/1574/18
f 738/1575/21 737/1576/21 736/1577/21 735/1578/21
f 731/895/22 730/1579/22 736/1530/22 737/1580/22
f 739/1581/20 740/1582/20 741/1583/20 742/1584/20
f 743/1585/23 744/1586/23 745/1587/23 746/1588/23
f 739/1589/24 744/1590/24 743/1591/24 740/1592/24
f 725/1593/21 740/1592/21 743/1591/21 727/1594/21
f 744/1595/25 739/1015/25 738/1596/25 735/1597/25
f 725/1598/20 726/1599/20 734/1552/20 741/1583/20 740/1582/20
f 739/1581/20 742/1584/20 731/1600/20 737/1601/20 738/1602/20
f 742/1584/20 741/1583/20 734/1552/20 729/1603/20 731/1600/20
f 730/1604/23 745/1587/23 744/1586/23 735/1605/23 736/1606/23
f 730/1604/23 732/1607/23 733/1608/23 746/1588/23 745/1587/23
f 743/1585/23 746/1588/23 733/1608/23 728/1609/23 727/1610/23
f 753/831/18 749/831/18 750/831/18 751/831/18
f 749/1611/26 747/1612/26 748/1613/26 750/1614/26
f 753/1615/18 752/1572/18 747/1616/18 749/1615/18
f 756/1617/18 755/1618/18 728/1564/18 726/1563/18
f 747/1619/20 752/1620/20 754/1621/20 748/1622/20
f 750/1623/21 748/1624/21 754/1625/21 751/1623/21
f 751/1626/18 754/1627/18 755/1618/18 756/1617/18
f 760/1628/21 757/1629/21 758/1630/21 759/1631/21
f 753/1632/25 759/1633/25 758/1530/25 752/1579/25
f 761/1634/20 764/1635/20 763/1636/20 762/1637/20
f 765/1638/23 768/1639/23 767/1640/23 766/1641/23
f 761/1642/27 762/1643/27 765/1644/27 766/1645/27
f 725/1593/21 727/1594/21 765/1644/21 762/1643/21
f 766/1646/22 757/1647/22 760/1648/22 761/1649/22
f 725/1598/20 762/1637/20 763/1636/20 756/1502/20 726/1599/20
f 761/1634/20 760/1650/20 759/1651/20 753/1652/20 764/1635/20
f 764/1635/20 753/1652/20 751/1503/20 756/1502/20 763/1636/20
f 752/1653/23 758/1654/23 757/1655/23 766/1641/23 767/1640/23
f 752/1653/23 767/1640/23 768/1639/23 755/1656/23 754/1657/23
f 765/1638/23 727/1610/23 728/1609/23 755/1656/23 768/1639/23
f 779/831/18 777/831/18 772/831/18 771/831/18
f 771/1658/19 772/1659/19 770/1660/19 769/1661/19
f 779/1662/18 771/1662/18 769/1625/18 778/1663/18
f 782/1664/18 774/1665/18 776/1666/18 781/1667/18
f 769/1668/20 770/1669/20 780/1670/20 778/1671/20
f 772/1672/21 777/1672/21 780/1673/21 770/1674/21
f 777/1675/18 782/1664/18 781/1667/18 780/1676/18
f 786/1677/21 785/1631/21 784/1630/21 783/1678/21
f 779/1632/22 778/1679/22 784/1680/22 785/1633/22
f 787/1681/20 788/1682/20 789/1683/20 790/1684/20
f 791/1685/23 792/1686/23 793/1687/23 794/1688/23
f 787/1689/24 792/1589/24 791/1592/24 788/1690/24
f 773/1691/21 788/1690/21 791/1592/21 775/1593/21
f 792/1692/25 787/1693/25 786/1694/25 783/1695/25
f 773/1696/20 774/1697/20 782/1655/20 789/1683/20 788/1682/20
f 787/1681/20 790/1684/20 779/1698/20 785/1699/20 786/1700/20
f 790/1684/20 789/1683/20 782/1655/20 777/1701/20 779/1698/20
f 778/1702/23 793/1687/23 792/1686/23 783/1703/23 784/1704/23
f 778/1702/23 780/1705/23 781/1706/23 794/1688/23 793/1687/23
f 791/1685/23 794/1688/23 781/1706/23 776/1707/23 775/1708/23
f 801/831/18 797/831/18 798/831/18 799/831/18
f 797/1709/26 795/1710/26 796/1711/26 798/1712/26
f 801/1713/18 800/1674/18 795/1714/18 797/1713/18
f 804/1715/18 803/1617/18 776/1666/18 774/1665/18
f 795/1716/20 800/1717/20 802/1718/20 796/1719/20
f 798/1720/21 796/1714/21 802/1721/21 799/1720/21
f 799/1722/18 802/1626/18 803/1617/18 804/1715/18
f 808/1723/21 805/1724/21 806/1725/21 807/1726/21
f 801/1727/25 807/1728/25 806/1680/25 800/1679/25
f 809/1729/20 812/1730/20 811/1731/20 810/1732/20
f 813/1733/23 816/1734/23 815/1735/23 814/1736/23
f 809/1737/27 810/1738/27 813/1643/27 814/1642/27
f 773/1691/21 775/1593/21 813/1643/21 810/1738/21
f 814/1739/22 805/1740/22 808/1741/22 809/1742/22
f 773/1696/20 810/1732/20 811/1731/20 804/1605/20 774/1697/20
f 809/1729/20 808/1743/20 807/1744/20 801/1745/20 812/1730/20
f 812/1730/20 801/1745/20 799/1746/20 804/1605/20 811/1731/20
f 800/1747/23 806/1748/23 805/1749/23 814/1736/23 815/1735/23
f 800/1747/23 815/1735/23 816/1734/23 803/1750/23 802/1751/23
f 813/1733/23 775/1708/23 776/1707/23 803/1750/23 816/1734/23
o Cube.004
v -14.057367 24.487200 -2.026069
v -14.057367 24.487200 6.443976
v -14.057367 32.271988 -2.026069
v -14.057367 32.271988 6.443976
v -3.491709 24.487200 -2.026069
v -3.491709 24.487200 6.443976
v -3.491709 32.271988 -2.026069
v -3.491709 32.271988 6.443976
vn -1.0000 -0.0000 -0.0000
vn -0.0000 1.0000 -0.0000
vn 1.0000 -0.0000 -0.0000
vn -0.0000 -1.0000 -0.0000
vn -0.0000 -0.0000 -1.0000
vn -0.0000 -0.0000 1.0000
vt 1.244947 0.086298
vt 1.244947 -1.292079
vt 2.511809 -1.292079
vt 2.511809 0.086298
vt -0.133431 0.427329
vt -1.511809 0.427329
vt -1.511809 -1.292079
vt -0.133431 -1.292079
vt 1.244947 1.464676
vt 1.244947 0.086298
vt 2.511809 1.464676
vt 1.244947 0.427329
vt -0.133431 0.427329
vt -0.133431 -1.292079
vt -0.244947 0.427329
vt -0.244947 2.146738
vt -1.511809 2.146738
vt -1.511809 0.427329
vt 1.021915 0.427329
vt 1.021915 2.146738
vt -0.244947 2.146737
vt -0.244946 0.427329
s 0
usemtl plastered_wall_04
f 817/1752/28 818/1753/28 820/1754/28 819/1755/28
f 819/1756/29 820/1757/29 824/1758/29 823/1759/29
f 823/1760/30 824/1761/30 822/1755/30 821/1762/30
f 821/1763/31 822/1764/31 818/1765/31 817/1753/31
f 819/1766/32 823/1767/32 821/1768/32 817/1769/32
f 824/1770/33 820/1771/33 818/1772/33 822/1773/33
o Cube.005
v 4.239184 24.487200 -2.026069
v 4.239184 24.487200 6.443976
v 4.239184 32.271988 -2.026069
v 4.239184 32.271988 6.443976
v 14.804842 24.487200 -2.026069
v 14.804842 24.487200 6.443976
v 14.804842 32.271988 -2.026069
v 14.804842 32.271988 6.443976
v 4.239184 26.361000 -2.026069
v 4.239184 26.361000 6.443976
v 14.804842 26.361000 -2.026069
v 14.804842 26.361000 6.443976
v 4.239184 26.361000 6.443976
v 4.239184 32.271988 6.443976
v 4.239184 32.271988 -2.026069
v 4.239184 26.361000 -2.026069
v 4.239184 26.361000 6.443976
v 4.239184 32.271988 6.443976
v 4.239184 32.271988 -2.026069
v 4.239184 26.361000 -2.026069
v 8.689342 26.361000 6.443976
v 8.689342 32.271988 6.443976
v 8.689342 32.271988 -2.026069
v 8.689342 26.361000 -2.026069
v 4.239184 24.487200 5.032265
v 14.804842 32.271988 5.032265
v 14.804842 24.487200 5.032265
v 14.804842 26.361000 5.032265
v 4.239184 26.361000 5.032265
v 4.239184 26.361000 5.032265
v 4.239184 26.361000 5.032265
v 8.689342 32.271988 5.032265
v 8.689342 26.361000 5.032265
v -3.842367 24.487200 5.032265
v -3.842367 24.487200 6.443976
v -3.842367 26.361000 6.443976
v -3.842367 26.361000 5.032265
v 4.239184 24.487200 5.858766
v 14.804842 32.271988 5.858766
v 14.804842 24.487200 5.858766
v 14.804842 26.361000 5.858766
v 4.239184 26.361000 5.858766
v 4.239184 26.361000 5.858766
v 4.239184 26.361000 5.858766
v 8.689342 32.271988 5.858766
v 8.689342 26.361000 5.858766
v -3.842367 24.487200 5.858766
v -3.842367 26.361000 5.858766
v 4.239184 32.219883 6.443976
v 8.689342 32.219883 6.443976
v 4.239184 32.219883 6.443976
v -3.842367 32.219883 6.443976
v 4.239184 32.219883 5.858766
v 4.239184 32.219883 5.858766
v 8.689342 32.219883 5.858766
v -3.842367 32.219883 5.858766
vn -0.0000 -0.0000 1.0000
vn 1.0000 -0.0000 -0.0000
vn -0.0000 -1.0000 -0.0000
vn -0.0000 -0.0000 -1.0000
vn -0.0000 1.0000 -0.0000
vn -1.0000 -0.0000 -0.0000
vt 0.625000 0.250000
vt 0.625000 0.060175
vt 0.625000 0.689825
vt 0.625000 0.500000
vt 0.607727 0.689825
vt 0.625000 0.750000
vt 0.607727 0.750000
vt 0.625000 1.000000
vt 0.607727 1.000000
vt 0.125000 0.689825
vt 0.375000 0.689825
vt 0.375000 0.750000
vt 0.125000 0.750000
vt 0.875000 0.689825
vt 0.875000 0.750000
vt 0.125000 0.500000
vt 0.375000 0.500000
vt 0.607727 0.500000
vt 0.583332 0.060175
vt 0.583332 0.000000
vt 0.607727 0.060175
vt 0.607727 0.250000
vt 0.375000 0.060175
vt 0.583332 0.250000
vt 0.375000 0.250000
vt 0.583332 0.500000
vt 0.375000 0.000000
vt 0.583332 0.689825
vt 0.583332 0.750000
vt 0.583332 1.000000
vt 0.375000 1.000000
vt 0.607727 0.000000
vt 0.625000 0.000000
vt 0.000000 0.000000
s 0
usemtl plastered_wall_04
f 846/1774/34 845/1775/34 836/1776/34 832/1777/34
f 865/1778/35 836/1776/35 830/1779/35 864/1780/35
f 864/1780/36 830/1779/36 826/1781/36 862/1782/36
f 833/1783/37 835/1784/37 829/1785/37 825/1786/37
f 836/1776/34 834/1787/34 826/1788/34 830/1779/34
f 827/1789/37 831/1790/37 835/1784/37 833/1783/37
f 863/1791/35 832/1777/35 836/1776/35 865/1778/35
f 853/1792/37 849/1793/37 858/1793/37 861/1792/37
f 827/1789/34 833/1783/34 840/1783/34 839/1789/34
f 866/1794/34 834/1775/34 837/1775/34 867/1794/34
f 860/1787/34 834/1787/34 875/1787/34 876/1787/34
f 867/1794/34 837/1775/34 841/1775/34 868/1794/34
f 869/1795/38 846/1774/38 832/1777/38 863/1791/38
f 839/1789/34 840/1783/34 844/1783/34 843/1789/34
f 870/1794/39 845/1775/39 846/1774/39 869/1795/39
f 843/1789/34 844/1783/34 848/1783/34 847/1789/34
f 848/1796/39 857/1792/39 856/1797/39 847/1798/39
f 847/1798/38 856/1797/38 850/1799/38 831/1790/38
f 840/1796/34 854/1792/34 855/1792/34 844/1796/34
f 844/1796/38 855/1792/38 857/1792/38 848/1796/38
f 833/1796/34 853/1792/34 854/1792/34 840/1796/34
f 825/1800/39 849/1793/39 853/1792/39 833/1796/39
f 831/1790/35 850/1799/35 852/1801/35 835/1784/35
f 829/1785/36 851/1802/36 849/1803/36 825/1804/36
f 835/1784/35 852/1801/35 851/1802/35 829/1785/35
f 871/1805/39 859/1806/39 860/1775/39 872/1794/39
f 862/1782/36 826/1781/36 859/1781/36 871/1782/36
f 826/1788/34 834/1787/34 860/1787/34 859/1788/34
f 866/1794/38 853/1792/38 861/1792/38 872/1794/38
f 872/1794/39 860/1775/39 876/1775/39 880/1794/39
f 849/1803/36 862/1782/36 871/1782/36 858/1803/36
f 858/1793/39 871/1805/39 872/1794/39 861/1792/39
f 857/1792/39 870/1794/39 869/1795/39 856/1797/39
f 856/1797/38 869/1795/38 863/1791/38 850/1799/38
f 854/1792/34 867/1794/34 868/1794/34 855/1792/34
f 855/1792/38 868/1794/38 870/1794/38 857/1792/38
f 853/1792/34 866/1794/34 867/1794/34 854/1792/34
f 850/1799/35 863/1791/35 865/1778/35 852/1801/35
f 851/1802/36 864/1780/36 862/1782/36 849/1803/36
f 852/1801/35 865/1778/35 864/1780/35 851/1802/35
f 878/1794/38 873/1775/38 874/1775/38 879/1794/38
f 875/1775/38 877/1794/38 880/1794/38 876/1775/38
f 845/1775/35 870/1794/35 879/1794/35 874/1775/35
f 870/1794/37 868/1794/37 878/1794/37 879/1794/37
f 868/1794/39 841/1775/39 873/1775/39 878/1794/39
f 841/1807/34 845/1807/34 874/1807/34 873/1807/34
f 834/1775/35 866/1794/35 877/1794/35 875/1775/35
f 866/1794/37 872/1794/37 880/1794/37 877/1794/37
l 838 828
l 838 842
o Cylinder.053
v -13.617992 24.611382 6.342023
v -13.617992 24.611382 7.806072
v -13.610098 24.610603 6.342023
v -13.610098 24.610603 7.806072
v -13.602508 24.608301 6.342023
v -13.602508 24.608301 7.806072
v -13.595511 24.604563 6.342023
v -13.595511 24.604563 7.806072
v -13.589379 24.599529 6.342023
v -13.589379 24.599529 7.806072
v -13.584348 24.593397 6.342023
v -13.584348 24.593397 7.806072
v -13.580608 24.586403 6.342023
v -13.580608 24.586403 7.806072
v -13.578305 24.578812 6.342023
v -13.578305 24.578812 7.806072
v -13.577528 24.570917 6.342023
v -13.577528 24.570917 7.806072
v -13.578305 24.563023 6.342023
v -13.578305 24.563023 7.806072
v -13.580608 24.555431 6.342023
v -13.580608 24.555431 7.806072
v -13.584348 24.548437 6.342023
v -13.584348 24.548437 7.806072
v -13.589379 24.542305 6.342023
v -13.589379 24.542305 7.806072
v -13.595511 24.537271 6.342023
v -13.595511 24.537271 7.806072
v -13.602508 24.533533 6.342023
v -13.602508 24.533533 7.806072
v -13.610098 24.531231 6.342023
v -13.610098 24.531231 7.806072
v -13.617992 24.530453 6.342023
v -13.617992 24.530453 7.806072
v -13.625887 24.531231 6.342023
v -13.625887 24.531231 7.806072
v -13.633477 24.533533 6.342023
v -13.633477 24.533533 7.806072
v -13.640473 24.537271 6.342023
v -13.640473 24.537271 7.806072
v -13.646605 24.542305 6.342023
v -13.646605 24.542305 7.806072
v -13.651637 24.548437 6.342023
v -13.651637 24.548437 7.806072
v -13.655376 24.555431 6.342023
v -13.655376 24.555431 7.806072
v -13.657680 24.563023 6.342023
v -13.657680 24.563023 7.806072
v -13.658457 24.570917 6.342023
v -13.658457 24.570917 7.806072
v -13.657680 24.578812 6.342023
v -13.657680 24.578812 7.806072
v -13.655376 24.586403 6.342023
v -13.655376 24.586403 7.806072
v -13.651637 24.593397 6.342023
v -13.651637 24.593397 7.806072
v -13.646605 24.599529 6.342023
v -13.646605 24.599529 7.806072
v -13.640473 24.604563 6.342023
v -13.640473 24.604563 7.806072
v -13.633477 24.608301 6.342023
v -13.633477 24.608301 7.806072
v -13.625887 24.610603 6.342023
v -13.625887 24.610603 7.806072
v -11.473370 24.611382 6.342023
v -11.473370 24.611382 7.806072
v -11.465475 24.610603 6.342023
v -11.465475 24.610603 7.806072
v -11.457884 24.608301 6.342023
v -11.457884 24.608301 7.806072
v -11.450889 24.604563 6.342023
v -11.450889 24.604563 7.806072
v -11.444757 24.599529 6.342023
v -11.444757 24.599529 7.806072
v -11.439724 24.593397 6.342023
v -11.439724 24.593397 7.806072
v -11.435986 24.586403 6.342023
v -11.435986 24.586403 7.806072
v -11.433682 24.578812 6.342023
v -11.433682 24.578812 7.806072
v -11.432905 24.570917 6.342023
v -11.432905 24.570917 7.806072
v -11.433682 24.563023 6.342023
v -11.433682 24.563023 7.806072
v -11.435986 24.555431 6.342023
v -11.435986 24.555431 7.806072
v -11.439724 24.548437 6.342023
v -11.439724 24.548437 7.806072
v -11.444757 24.542305 6.342023
v -11.444757 24.542305 7.806072
v -11.450889 24.537271 6.342023
v -11.450889 24.537271 7.806072
v -11.457884 24.533533 6.342023
v -11.457884 24.533533 7.806072
v -11.465475 24.531231 6.342023
v -11.465475 24.531231 7.806072
v -11.473370 24.530453 6.342023
v -11.473370 24.530453 7.806072
v -11.481264 24.531231 6.342023
v -11.481264 24.531231 7.806072
v -11.488854 24.533533 6.342023
v -11.488854 24.533533 7.806072
v -11.495851 24.537271 6.342023
v -11.495851 24.537271 7.806072
v -11.501982 24.542305 6.342023
v -11.501982 24.542305 7.806072
v -11.507014 24.548437 6.342023
v -11.507014 24.548437 7.806072
v -11.510754 24.555431 6.342023
v -11.510754 24.555431 7.806072
v -11.513057 24.563023 6.342023
v -11.513057 24.563023 7.806072
v -11.513834 24.570917 6.342023
v -11.513834 24.570917 7.806072
v -11.513057 24.578812 6.342023
v -11.513057 24.578812 7.806072
v -11.510754 24.586403 6.342023
v -11.510754 24.586403 7.806072
v -11.507014 24.593397 6.342023
v -11.507014 24.593397 7.806072
v -11.501982 24.599529 6.342023
v -11.501982 24.599529 7.806072
v -11.495851 24.604563 6.342023
v -11.495851 24.604563 7.806072
v -11.488854 24.608301 6.342023
v -11.488854 24.608301 7.806072
v -11.481264 24.610603 6.342023
v -11.481264 24.610603 7.806072
v -9.328747 24.611382 6.342023
v -9.328747 24.611382 7.806072
v -9.320852 24.610603 6.342023
v -9.320852 24.610603 7.806072
v -9.313261 24.608301 6.342023
v -9.313261 24.608301 7.806072
v -9.306266 24.604563 6.342023
v -9.306266 24.604563 7.806072
v -9.300134 24.599529 6.342023
v -9.300134 24.599529 7.806072
v -9.295101 24.593397 6.342023
v -9.295101 24.593397 7.806072
v -9.291363 24.586403 6.342023
v -9.291363 24.586403 7.806072
v -9.289060 24.578812 6.342023
v -9.289060 24.578812 7.806072
v -9.288282 24.570917 6.342023
v -9.288282 24.570917 7.806072
v -9.289060 24.563023 6.342023
v -9.289060 24.563023 7.806072
v -9.291363 24.555431 6.342023
v -9.291363 24.555431 7.806072
v -9.295101 24.548437 6.342023
v -9.295101 24.548437 7.806072
v -9.300134 24.542305 6.342023
v -9.300134 24.542305 7.806072
v -9.306266 24.537271 6.342023
v -9.306266 24.537271 7.806072
v -9.313261 24.533533 6.342023
v -9.313261 24.533533 7.806072
v -9.320852 24.531231 6.342023
v -9.320852 24.531231 7.806072
v -9.328747 24.530453 6.342023
v -9.328747 24.530453 7.806072
v -9.336641 24.531231 6.342023
v -9.336641 24.531231 7.806072
v -9.344232 24.533533 6.342023
v -9.344232 24.533533 7.806072
v -9.351228 24.537271 6.342023
v -9.351228 24.537271 7.806072
v -9.357359 24.542305 6.342023
v -9.357359 24.542305 7.806072
v -9.362391 24.548437 6.342023
v -9.362391 24.548437 7.806072
v -9.366131 24.555431 6.342023
v -9.366131 24.555431 7.806072
v -9.368433 24.563023 6.342023
v -9.368433 24.563023 7.806072
v -9.369211 24.570917 6.342023
v -9.369211 24.570917 7.806072
v -9.368433 24.578812 6.342023
v -9.368433 24.578812 7.806072
v -9.366131 24.586403 6.342023
v -9.366131 24.586403 7.806072
v -9.362391 24.593397 6.342023
v -9.362391 24.593397 7.806072
v -9.357359 24.599529 6.342023
v -9.357359 24.599529 7.806072
v -9.351228 24.604563 6.342023
v -9.351228 24.604563 7.806072
v -9.344232 24.608301 6.342023
v -9.344232 24.608301 7.806072
v -9.336641 24.610603 6.342023
v -9.336641 24.610603 7.806072
v -7.184124 24.611382 6.342023
v -7.184124 24.611382 7.806072
v -7.176229 24.610603 6.342023
v -7.176229 24.610603 7.806072
v -7.168638 24.608301 6.342023
v -7.168638 24.608301 7.806072
v -7.161643 24.604563 6.342023
v -7.161643 24.604563 7.806072
v -7.155511 24.599529 6.342023
v -7.155511 24.599529 7.806072
v -7.150479 24.593397 6.342023
v -7.150479 24.593397 7.806072
v -7.146739 24.586403 6.342023
v -7.146739 24.586403 7.806072
v -7.144436 24.578812 6.342023
v -7.144436 24.578812 7.806072
v -7.143659 24.570917 6.342023
v -7.143659 24.570917 7.806072
v -7.144436 24.563023 6.342023
v -7.144436 24.563023 7.806072
v -7.146739 24.555431 6.342023
v -7.146739 24.555431 7.806072
v -7.150479 24.548437 6.342023
v -7.150479 24.548437 7.806072
v -7.155511 24.542305 6.342023
v -7.155511 24.542305 7.806072
v -7.161643 24.537271 6.342023
v -7.161643 24.537271 7.806072
v -7.168638 24.533533 6.342023
v -7.168638 24.533533 7.806072
v -7.176229 24.531231 6.342023
v -7.176229 24.531231 7.806072
v -7.184124 24.530453 6.342023
v -7.184124 24.530453 7.806072
v -7.192018 24.531231 6.342023
v -7.192018 24.531231 7.806072
v -7.199609 24.533533 6.342023
v -7.199609 24.533533 7.806072
v -7.206604 24.537271 6.342023
v -7.206604 24.537271 7.806072
v -7.212736 24.542305 6.342023
v -7.212736 24.542305 7.806072
v -7.217769 24.548437 6.342023
v -7.217769 24.548437 7.806072
v -7.221508 24.555431 6.342023
v -7.221508 24.555431 7.806072
v -7.223811 24.563023 6.342023
v -7.223811 24.563023 7.806072
v -7.224588 24.570917 6.342023
v -7.224588 24.570917 7.806072
v -7.223811 24.578812 6.342023
v -7.223811 24.578812 7.806072
v -7.221508 24.586403 6.342023
v -7.221508 24.586403 7.806072
v -7.217769 24.593397 6.342023
v -7.217769 24.593397 7.806072
v -7.212736 24.599529 6.342023
v -7.212736 24.599529 7.806072
v -7.206604 24.604563 6.342023
v -7.206604 24.604563 7.806072
v -7.199609 24.608301 6.342023
v -7.199609 24.608301 7.806072
v -7.192018 24.610603 6.342023
v -7.192018 24.610603 7.806072
v -5.039501 24.611382 6.342023
v -5.039501 24.611382 7.806072
v -5.031607 24.610603 6.342023
v -5.031607 24.610603 7.806072
v -5.024015 24.608301 6.342023
v -5.024015 24.608301 7.806072
v -5.017020 24.604563 6.342023
v -5.017020 24.604563 7.806072
v -5.010888 24.599529 6.342023
v -5.010888 24.599529 7.806072
v -5.005856 24.593397 6.342023
v -5.005856 24.593397 7.806072
v -5.002116 24.586403 6.342023
v -5.002116 24.586403 7.806072
v -4.999814 24.578812 6.342023
v -4.999814 24.578812 7.806072
v -4.999036 24.570917 6.342023
v -4.999036 24.570917 7.806072
v -4.999814 24.563023 6.342023
v -4.999814 24.563023 7.806072
v -5.002116 24.555431 6.342023
v -5.002116 24.555431 7.806072
v -5.005856 24.548437 6.342023
v -5.005856 24.548437 7.806072
v -5.010888 24.542305 6.342023
v -5.010888 24.542305 7.806072
v -5.017020 24.537271 6.342023
v -5.017020 24.537271 7.806072
v -5.024015 24.533533 6.342023
v -5.024015 24.533533 7.806072
v -5.031607 24.531231 6.342023
v -5.031607 24.531231 7.806072
v -5.039501 24.530453 6.342023
v -5.039501 24.530453 7.806072
v -5.047395 24.531231 6.342023
v -5.047395 24.531231 7.806072
v -5.054986 24.533533 6.342023
v -5.054986 24.533533 7.806072
v -5.061982 24.537271 6.342023
v -5.061982 24.537271 7.806072
v -5.068113 24.542305 6.342023
v -5.068113 24.542305 7.806072
v -5.073146 24.548437 6.342023
v -5.073146 24.548437 7.806072
v -5.076885 24.555431 6.342023
v -5.076885 24.555431 7.806072
v -5.079188 24.563023 6.342023
v -5.079188 24.563023 7.806072
v -5.079966 24.570917 6.342023
v -5.079966 24.570917 7.806072
v -5.079188 24.578812 6.342023
v -5.079188 24.578812 7.806072
v -5.076885 24.586403 6.342023
v -5.076885 24.586403 7.806072
v -5.073146 24.593397 6.342023
v -5.073146 24.593397 7.806072
v -5.068113 24.599529 6.342023
v -5.068113 24.599529 7.806072
v -5.061982 24.604563 6.342023
v -5.061982 24.604563 7.806072
v -5.054986 24.608301 6.342023
v -5.054986 24.608301 7.806072
v -5.047395 24.610603 6.342023
v -5.047395 24.610603 7.806072
v -2.894877 24.611382 6.342023
v -2.894877 24.611382 7.806072
v -2.886983 24.610603 6.342023
v -2.886983 24.610603 7.806072
v -2.879392 24.608301 6.342023
v -2.879392 24.608301 7.806072
v -2.872396 24.604563 6.342023
v -2.872396 24.604563 7.806072
v -2.866265 24.599529 6.342023
v -2.866265 24.599529 7.806072
v -2.861232 24.593397 6.342023
v -2.861232 24.593397 7.806072
v -2.857492 24.586403 6.342023
v -2.857492 24.586403 7.806072
v -2.855191 24.578812 6.342023
v -2.855191 24.578812 7.806072
v -2.854413 24.570917 6.342023
v -2.854413 24.570917 7.806072
v -2.855191 24.563023 6.342023
v -2.855191 24.563023 7.806072
v -2.857492 24.555431 6.342023
v -2.857492 24.555431 7.806072
v -2.861232 24.548437 6.342023
v -2.861232 24.548437 7.806072
v -2.866265 24.542305 6.342023
v -2.866265 24.542305 7.806072
v -2.872396 24.537271 6.342023
v -2.872396 24.537271 7.806072
v -2.879392 24.533533 6.342023
v -2.879392 24.533533 7.806072
v -2.886983 24.531231 6.342023
v -2.886983 24.531231 7.806072
v -2.894877 24.530453 6.342023
v -2.894877 24.530453 7.806072
v -2.902772 24.531231 6.342023
v -2.902772 24.531231 7.806072
v -2.910363 24.533533 6.342023
v -2.910363 24.533533 7.806072
v -2.917358 24.537271 6.342023
v -2.917358 24.537271 7.806072
v -2.923490 24.542305 6.342023
v -2.923490 24.542305 7.806072
v -2.928523 24.548437 6.342023
v -2.928523 24.548437 7.806072
v -2.932262 24.555431 6.342023
v -2.932262 24.555431 7.806072
v -2.934564 24.563023 6.342023
v -2.934564 24.563023 7.806072
v -2.935342 24.570917 6.342023
v -2.935342 24.570917 7.806072
v -2.934564 24.578812 6.342023
v -2.934564 24.578812 7.806072
v -2.932262 24.586403 6.342023
v -2.932262 24.586403 7.806072
v -2.928523 24.593397 6.342023
v -2.928523 24.593397 7.806072
v -2.923490 24.599529 6.342023
v -2.923490 24.599529 7.806072
v -2.917358 24.604563 6.342023
v -2.917358 24.604563 7.806072
v -2.910363 24.608301 6.342023
v -2.910363 24.608301 7.806072
v -2.902772 24.610603 6.342023
v -2.902772 24.610603 7.806072
v -0.750255 24.611382 6.342023
v -0.750255 24.611382 7.806072
v -0.742360 24.610603 6.342023
v -0.742360 24.610603 7.806072
v -0.734769 24.608301 6.342023
v -0.734769 24.608301 7.806072
v -0.727774 24.604563 6.342023
v -0.727774 24.604563 7.806072
v -0.721642 24.599529 6.342023
v -0.721642 24.599529 7.806072
v -0.716609 24.593397 6.342023
v -0.716609 24.593397 7.806072
v -0.712870 24.586403 6.342023
v -0.712870 24.586403 7.806072
v -0.710568 24.578812 6.342023
v -0.710568 24.578812 7.806072
v -0.709790 24.570917 6.342023
v -0.709790 24.570917 7.806072
v -0.710568 24.563023 6.342023
v -0.710568 24.563023 7.806072
v -0.712870 24.555431 6.342023
v -0.712870 24.555431 7.806072
v -0.716609 24.548437 6.342023
v -0.716609 24.548437 7.806072
v -0.721642 24.542305 6.342023
v -0.721642 24.542305 7.806072
v -0.727774 24.537271 6.342023
v -0.727774 24.537271 7.806072
v -0.734769 24.533533 6.342023
v -0.734769 24.533533 7.806072
v -0.742360 24.531231 6.342023
v -0.742360 24.531231 7.806072
v -0.750255 24.530453 6.342023
v -0.750255 24.530453 7.806072
v -0.758149 24.531231 6.342023
v -0.758149 24.531231 7.806072
v -0.765740 24.533533 6.342023
v -0.765740 24.533533 7.806072
v -0.772736 24.537271 6.342023
v -0.772736 24.537271 7.806072
v -0.778867 24.542305 6.342023
v -0.778867 24.542305 7.806072
v -0.783900 24.548437 6.342023
v -0.783900 24.548437 7.806072
v -0.787640 24.555431 6.342023
v -0.787640 24.555431 7.806072
v -0.789942 24.563023 6.342023
v -0.789942 24.563023 7.806072
v -0.790719 24.570917 6.342023
v -0.790719 24.570917 7.806072
v -0.789942 24.578812 6.342023
v -0.789942 24.578812 7.806072
v -0.787640 24.586403 6.342023
v -0.787640 24.586403 7.806072
v -0.783900 24.593397 6.342023
v -0.783900 24.593397 7.806072
v -0.778867 24.599529 6.342023
v -0.778867 24.599529 7.806072
v -0.772736 24.604563 6.342023
v -0.772736 24.604563 7.806072
v -0.765740 24.608301 6.342023
v -0.765740 24.608301 7.806072
v -0.758149 24.610603 6.342023
v -0.758149 24.610603 7.806072
v 1.394368 24.611382 6.342023
v 1.394368 24.611382 7.806072
v 1.402263 24.610603 6.342023
v 1.402263 24.610603 7.806072
v 1.409853 24.608301 6.342023
v 1.409853 24.608301 7.806072
v 1.416849 24.604563 6.342023
v 1.416849 24.604563 7.806072
v 1.422980 24.599529 6.342023
v 1.422980 24.599529 7.806072
v 1.428014 24.593397 6.342023
v 1.428014 24.593397 7.806072
v 1.431753 24.586403 6.342023
v 1.431753 24.586403 7.806072
v 1.434054 24.578812 6.342023
v 1.434054 24.578812 7.806072
v 1.434833 24.570917 6.342023
v 1.434833 24.570917 7.806072
v 1.434054 24.563023 6.342023
v 1.434054 24.563023 7.806072
v 1.431753 24.555431 6.342023
v 1.431753 24.555431 7.806072
v 1.428014 24.548437 6.342023
v 1.428014 24.548437 7.806072
v 1.422980 24.542305 6.342023
v 1.422980 24.542305 7.806072
v 1.416849 24.537271 6.342023
v 1.416849 24.537271 7.806072
v 1.409853 24.533533 6.342023
v 1.409853 24.533533 7.806072
v 1.402263 24.531231 6.342023
v 1.402263 24.531231 7.806072
v 1.394368 24.530453 6.342023
v 1.394368 24.530453 7.806072
v 1.386474 24.531231 6.342023
v 1.386474 24.531231 7.806072
v 1.378882 24.533533 6.342023
v 1.378882 24.533533 7.806072
v 1.371887 24.537271 6.342023
v 1.371887 24.537271 7.806072
v 1.365756 24.542305 6.342023
v 1.365756 24.542305 7.806072
v 1.360723 24.548437 6.342023
v 1.360723 24.548437 7.806072
v 1.356983 24.555431 6.342023
v 1.356983 24.555431 7.806072
v 1.354681 24.563023 6.342023
v 1.354681 24.563023 7.806072
v 1.353904 24.570917 6.342023
v 1.353904 24.570917 7.806072
v 1.354681 24.578812 6.342023
v 1.354681 24.578812 7.806072
v 1.356983 24.586403 6.342023
v 1.356983 24.586403 7.806072
v 1.360723 24.593397 6.342023
v 1.360723 24.593397 7.806072
v 1.365756 24.599529 6.342023
v 1.365756 24.599529 7.806072
v 1.371887 24.604563 6.342023
v 1.371887 24.604563 7.806072
v 1.378882 24.608301 6.342023
v 1.378882 24.608301 7.806072
v 1.386474 24.610603 6.342023
v 1.386474 24.610603 7.806072
v 3.538990 24.611382 6.342023
v 3.538990 24.611382 7.806072
v 3.546885 24.610603 6.342023
v 3.546885 24.610603 7.806072
v 3.554476 24.608301 6.342023
v 3.554476 24.608301 7.806072
v 3.561472 24.604563 6.342023
v 3.561472 24.604563 7.806072
v 3.567602 24.599529 6.342023
v 3.567602 24.599529 7.806072
v 3.572636 24.593397 6.342023
v 3.572636 24.593397 7.806072
v 3.576376 24.586403 6.342023
v 3.576376 24.586403 7.806072
v 3.578678 24.578812 6.342023
v 3.578678 24.578812 7.806072
v 3.579454 24.570917 6.342023
v 3.579454 24.570917 7.806072
v 3.578678 24.563023 6.342023
v 3.578678 24.563023 7.806072
v 3.576376 24.555431 6.342023
v 3.576376 24.555431 7.806072
v 3.572636 24.548437 6.342023
v 3.572636 24.548437 7.806072
v 3.567602 24.542305 6.342023
v 3.567602 24.542305 7.806072
v 3.561472 24.537271 6.342023
v 3.561472 24.537271 7.806072
v 3.554476 24.533533 6.342023
v 3.554476 24.533533 7.806072
v 3.546885 24.531231 6.342023
v 3.546885 24.531231 7.806072
v 3.538990 24.530453 6.342023
v 3.538990 24.530453 7.806072
v 3.531096 24.531231 6.342023
v 3.531096 24.531231 7.806072
v 3.523506 24.533533 6.342023
v 3.523506 24.533533 7.806072
v 3.516510 24.537271 6.342023
v 3.516510 24.537271 7.806072
v 3.510378 24.542305 6.342023
v 3.510378 24.542305 7.806072
v 3.505344 24.548437 6.342023
v 3.505344 24.548437 7.806072
v 3.501606 24.555431 6.342023
v 3.501606 24.555431 7.806072
v 3.499304 24.563023 6.342023
v 3.499304 24.563023 7.806072
v 3.498526 24.570917 6.342023
v 3.498526 24.570917 7.806072
v 3.499304 24.578812 6.342023
v 3.499304 24.578812 7.806072
v 3.501606 24.586403 6.342023
v 3.501606 24.586403 7.806072
v 3.505344 24.593397 6.342023
v 3.505344 24.593397 7.806072
v 3.510378 24.599529 6.342023
v 3.510378 24.599529 7.806072
v 3.516510 24.604563 6.342023
v 3.516510 24.604563 7.806072
v 3.523506 24.608301 6.342023
v 3.523506 24.608301 7.806072
v 3.531096 24.610603 6.342023
v 3.531096 24.610603 7.806072
v 5.683613 24.611382 6.342023
v 5.683613 24.611382 7.806072
v 5.691507 24.610603 6.342023
v 5.691507 24.610603 7.806072
v 5.699099 24.608301 6.342023
v 5.699099 24.608301 7.806072
v 5.706095 24.604563 6.342023
v 5.706095 24.604563 7.806072
v 5.712225 24.599529 6.342023
v 5.712225 24.599529 7.806072
v 5.717258 24.593397 6.342023
v 5.717258 24.593397 7.806072
v 5.720999 24.586403 6.342023
v 5.720999 24.586403 7.806072
v 5.723301 24.578812 6.342023
v 5.723301 24.578812 7.806072
v 5.724077 24.570917 6.342023
v 5.724077 24.570917 7.806072
v 5.723301 24.563023 6.342023
v 5.723301 24.563023 7.806072
v 5.720999 24.555431 6.342023
v 5.720999 24.555431 7.806072
v 5.717258 24.548437 6.342023
v 5.717258 24.548437 7.806072
v 5.712225 24.542305 6.342023
v 5.712225 24.542305 7.806072
v 5.706095 24.537271 6.342023
v 5.706095 24.537271 7.806072
v 5.699099 24.533533 6.342023
v 5.699099 24.533533 7.806072
v 5.691507 24.531231 6.342023
v 5.691507 24.531231 7.806072
v 5.683613 24.530453 6.342023
v 5.683613 24.530453 7.806072
v 5.675718 24.531231 6.342023
v 5.675718 24.531231 7.806072
v 5.668129 24.533533 6.342023
v 5.668129 24.533533 7.806072
v 5.661133 24.537271 6.342023
v 5.661133 24.537271 7.806072
v 5.655001 24.542305 6.342023
v 5.655001 24.542305 7.806072
v 5.649967 24.548437 6.342023
v 5.649967 24.548437 7.806072
v 5.646229 24.555431 6.342023
v 5.646229 24.555431 7.806072
v 5.643927 24.563023 6.342023
v 5.643927 24.563023 7.806072
v 5.643148 24.570917 6.342023
v 5.643148 24.570917 7.806072
v 5.643927 24.578812 6.342023
v 5.643927 24.578812 7.806072
v 5.646229 24.586403 6.342023
v 5.646229 24.586403 7.806072
v 5.649967 24.593397 6.342023
v 5.649967 24.593397 7.806072
v 5.655001 24.599529 6.342023
v 5.655001 24.599529 7.806072
v 5.661133 24.604563 6.342023
v 5.661133 24.604563 7.806072
v 5.668129 24.608301 6.342023
v 5.668129 24.608301 7.806072
v 5.675718 24.610603 6.342023
v 5.675718 24.610603 7.806072
v 7.828238 24.611382 6.342023
v 7.828238 24.611382 7.806072
v 7.836130 24.610603 6.342023
v 7.836130 24.610603 7.806072
v 7.843723 24.608301 6.342023
v 7.843723 24.608301 7.806072
v 7.850718 24.604563 6.342023
v 7.850718 24.604563 7.806072
v 7.856850 24.599529 6.342023
v 7.856850 24.599529 7.806072
v 7.861883 24.593397 6.342023
v 7.861883 24.593397 7.806072
v 7.865622 24.586403 6.342023
v 7.865622 24.586403 7.806072
v 7.867924 24.578812 6.342023
v 7.867924 24.578812 7.806072
v 7.868702 24.570917 6.342023
v 7.868702 24.570917 7.806072
v 7.867924 24.563023 6.342023
v 7.867924 24.563023 7.806072
v 7.865622 24.555431 6.342023
v 7.865622 24.555431 7.806072
v 7.861883 24.548437 6.342023
v 7.861883 24.548437 7.806072
v 7.856850 24.542305 6.342023
v 7.856850 24.542305 7.806072
v 7.850718 24.537271 6.342023
v 7.850718 24.537271 7.806072
v 7.843723 24.533533 6.342023
v 7.843723 24.533533 7.806072
v 7.836130 24.531231 6.342023
v 7.836130 24.531231 7.806072
v 7.828238 24.530453 6.342023
v 7.828238 24.530453 7.806072
v 7.820345 24.531231 6.342023
v 7.820345 24.531231 7.806072
v 7.812752 24.533533 6.342023
v 7.812752 24.533533 7.806072
v 7.805758 24.537271 6.342023
v 7.805758 24.537271 7.806072
v 7.799625 24.542305 6.342023
v 7.799625 24.542305 7.806072
v 7.794592 24.548437 6.342023
v 7.794592 24.548437 7.806072
v 7.790854 24.555431 6.342023
v 7.790854 24.555431 7.806072
v 7.788551 24.563023 6.342023
v 7.788551 24.563023 7.806072
v 7.787773 24.570917 6.342023
v 7.787773 24.570917 7.806072
v 7.788551 24.578812 6.342023
v 7.788551 24.578812 7.806072
v 7.790854 24.586403 6.342023
v 7.790854 24.586403 7.806072
v 7.794592 24.593397 6.342023
v 7.794592 24.593397 7.806072
v 7.799625 24.599529 6.342023
v 7.799625 24.599529 7.806072
v 7.805758 24.604563 6.342023
v 7.805758 24.604563 7.806072
v 7.812752 24.608301 6.342023
v 7.812752 24.608301 7.806072
v 7.820345 24.610603 6.342023
v 7.820345 24.610603 7.806072
v 9.972860 24.611382 6.342023
v 9.972860 24.611382 7.806072
v 9.980753 24.610603 6.342023
v 9.980753 24.610603 7.806072
v 9.988346 24.608301 6.342023
v 9.988346 24.608301 7.806072
v 9.995340 24.604563 6.342023
v 9.995340 24.604563 7.806072
v 10.001472 24.599529 6.342023
v 10.001472 24.599529 7.806072
v 10.006506 24.593397 6.342023
v 10.006506 24.593397 7.806072
v 10.010244 24.586403 6.342023
v 10.010244 24.586403 7.806072
v 10.012547 24.578812 6.342023
v 10.012547 24.578812 7.806072
v 10.013325 24.570917 6.342023
v 10.013325 24.570917 7.806072
v 10.012547 24.563023 6.342023
v 10.012547 24.563023 7.806072
v 10.010244 24.555431 6.342023
v 10.010244 24.555431 7.806072
v 10.006506 24.548437 6.342023
v 10.006506 24.548437 7.806072
v 10.001472 24.542305 6.342023
v 10.001472 24.542305 7.806072
v 9.995340 24.537271 6.342023
v 9.995340 24.537271 7.806072
v 9.988346 24.533533 6.342023
v 9.988346 24.533533 7.806072
v 9.980753 24.531231 6.342023
v 9.980753 24.531231 7.806072
v 9.972860 24.530453 6.342023
v 9.972860 24.530453 7.806072
v 9.964968 24.531231 6.342023
v 9.964968 24.531231 7.806072
v 9.957375 24.533533 6.342023
v 9.957375 24.533533 7.806072
v 9.950380 24.537271 6.342023
v 9.950380 24.537271 7.806072
v 9.944248 24.542305 6.342023
v 9.944248 24.542305 7.806072
v 9.939215 24.548437 6.342023
v 9.939215 24.548437 7.806072
v 9.935476 24.555431 6.342023
v 9.935476 24.555431 7.806072
v 9.933174 24.563023 6.342023
v 9.933174 24.563023 7.806072
v 9.932396 24.570917 6.342023
v 9.932396 24.570917 7.806072
v 9.933174 24.578812 6.342023
v 9.933174 24.578812 7.806072
v 9.935476 24.586403 6.342023
v 9.935476 24.586403 7.806072
v 9.939215 24.593397 6.342023
v 9.939215 24.593397 7.806072
v 9.944248 24.599529 6.342023
v 9.944248 24.599529 7.806072
v 9.950380 24.604563 6.342023
v 9.950380 24.604563 7.806072
v 9.957375 24.608301 6.342023
v 9.957375 24.608301 7.806072
v 9.964968 24.610603 6.342023
v 9.964968 24.610603 7.806072
v 12.117483 24.611382 6.342023
v 12.117483 24.611382 7.806072
v 12.125376 24.610603 6.342023
v 12.125376 24.610603 7.806072
v 12.132969 24.608301 6.342023
v 12.132969 24.608301 7.806072
v 12.139963 24.604563 6.342023
v 12.139963 24.604563 7.806072
v 12.146095 24.599529 6.342023
v 12.146095 24.599529 7.806072
v 12.151129 24.593397 6.342023
v 12.151129 24.593397 7.806072
v 12.154867 24.586403 6.342023
v 12.154867 24.586403 7.806072
v 12.157169 24.578812 6.342023
v 12.157169 24.578812 7.806072
v 12.157948 24.570917 6.342023
v 12.157948 24.570917 7.806072
v 12.157169 24.563023 6.342023
v 12.157169 24.563023 7.806072
v 12.154867 24.555431 6.342023
v 12.154867 24.555431 7.806072
v 12.151129 24.548437 6.342023
v 12.151129 24.548437 7.806072
v 12.146095 24.542305 6.342023
v 12.146095 24.542305 7.806072
v 12.139963 24.537271 6.342023
v 12.139963 24.537271 7.806072
v 12.132969 24.533533 6.342023
v 12.132969 24.533533 7.806072
v 12.125376 24.531231 6.342023
v 12.125376 24.531231 7.806072
v 12.117483 24.530453 6.342023
v 12.117483 24.530453 7.806072
v 12.109591 24.531231 6.342023
v 12.109591 24.531231 7.806072
v 12.101997 24.533533 6.342023
v 12.101997 24.533533 7.806072
v 12.095003 24.537271 6.342023
v 12.095003 24.537271 7.806072
v 12.088871 24.542305 6.342023
v 12.088871 24.542305 7.806072
v 12.083838 24.548437 6.342023
v 12.083838 24.548437 7.806072
v 12.080099 24.555431 6.342023
v 12.080099 24.555431 7.806072
v 12.077797 24.563023 6.342023
v 12.077797 24.563023 7.806072
v 12.077019 24.570917 6.342023
v 12.077019 24.570917 7.806072
v 12.077797 24.578812 6.342023
v 12.077797 24.578812 7.806072
v 12.080099 24.586403 6.342023
v 12.080099 24.586403 7.806072
v 12.083838 24.593397 6.342023
v 12.083838 24.593397 7.806072
v 12.088871 24.599529 6.342023
v 12.088871 24.599529 7.806072
v 12.095003 24.604563 6.342023
v 12.095003 24.604563 7.806072
v 12.101997 24.608301 6.342023
v 12.101997 24.608301 7.806072
v 12.109591 24.610603 6.342023
v 12.109591 24.610603 7.806072
v 14.262106 24.611382 6.342023
v 14.262106 24.611382 7.806072
v 14.269999 24.610603 6.342023
v 14.269999 24.610603 7.806072
v 14.277592 24.608301 6.342023
v 14.277592 24.608301 7.806072
v 14.284586 24.604563 6.342023
v 14.284586 24.604563 7.806072
v 14.290718 24.599529 6.342023
v 14.290718 24.599529 7.806072
v 14.295752 24.593397 6.342023
v 14.295752 24.593397 7.806072
v 14.299490 24.586403 6.342023
v 14.299490 24.586403 7.806072
v 14.301792 24.578812 6.342023
v 14.301792 24.578812 7.806072
v 14.302570 24.570917 6.342023
v 14.302570 24.570917 7.806072
v 14.301792 24.563023 6.342023
v 14.301792 24.563023 7.806072
v 14.299490 24.555431 6.342023
v 14.299490 24.555431 7.806072
v 14.295752 24.548437 6.342023
v 14.295752 24.548437 7.806072
v 14.290718 24.542305 6.342023
v 14.290718 24.542305 7.806072
v 14.284586 24.537271 6.342023
v 14.284586 24.537271 7.806072
v 14.277592 24.533533 6.342023
v 14.277592 24.533533 7.806072
v 14.269999 24.531231 6.342023
v 14.269999 24.531231 7.806072
v 14.262106 24.530453 6.342023
v 14.262106 24.530453 7.806072
v 14.254211 24.531231 6.342023
v 14.254211 24.531231 7.806072
v 14.246620 24.533533 6.342023
v 14.246620 24.533533 7.806072
v 14.239626 24.537271 6.342023
v 14.239626 24.537271 7.806072
v 14.233494 24.542305 6.342023
v 14.233494 24.542305 7.806072
v 14.228460 24.548437 6.342023
v 14.228460 24.548437 7.806072
v 14.224720 24.555431 6.342023
v 14.224720 24.555431 7.806072
v 14.222420 24.563023 6.342023
v 14.222420 24.563023 7.806072
v 14.221642 24.570917 6.342023
v 14.221642 24.570917 7.806072
v 14.222420 24.578812 6.342023
v 14.222420 24.578812 7.806072
v 14.224720 24.586403 6.342023
v 14.224720 24.586403 7.806072
v 14.228460 24.593397 6.342023
v 14.228460 24.593397 7.806072
v 14.233494 24.599529 6.342023
v 14.233494 24.599529 7.806072
v 14.239626 24.604563 6.342023
v 14.239626 24.604563 7.806072
v 14.246620 24.608301 6.342023
v 14.246620 24.608301 7.806072
v 14.254211 24.610603 6.342023
v 14.254211 24.610603 7.806072
vn 0.0980 0.9952 -0.0000
vn 0.2903 0.9569 -0.0000
vn 0.4714 0.8819 -0.0000
vn 0.6344 0.7730 -0.0000
vn 0.7730 0.6344 -0.0000
vn 0.8819 0.4714 -0.0000
vn 0.9569 0.2903 -0.0000
vn 0.9952 0.0980 -0.0000
vn 0.9952 -0.0980 -0.0000
vn 0.9569 -0.2903 -0.0000
vn 0.8819 -0.4714 -0.0000
vn 0.7730 -0.6344 -0.0000
vn 0.6344 -0.7730 -0.0000
vn 0.4714 -0.8819 -0.0000
vn 0.2903 -0.9569 -0.0000
vn 0.0980 -0.9952 -0.0000
vn -0.0980 -0.9952 -0.0000
vn -0.2903 -0.9569 -0.0000
vn -0.4714 -0.8819 -0.0000
vn -0.6344 -0.7730 -0.0000
vn -0.7730 -0.6344 -0.0000
vn -0.8819 -0.4714 -0.0000
vn -0.9569 -0.2903 -0.0000
vn -0.9952 -0.0980 -0.0000
vn -0.9952 0.0980 -0.0000
vn -0.9569 0.2903 -0.0000
vn -0.8819 0.4714 -0.0000
vn -0.7730 0.6344 -0.0000
vn -0.6344 0.7730 -0.0000
vn -0.4714 0.8819 -0.0000
vn -0.0000 -0.0000 1.0000
vn -0.2903 0.9569 -0.0000
vn -0.0980 0.9952 -0.0000
vn -0.0000 -0.0000 -1.0000
vn 0.7729 0.6345 -0.0000
vn 0.9570 0.2902 -0.0000
vn 0.9952 0.0981 -0.0000
vn 0.9952 -0.0981 -0.0000
vn 0.9570 -0.2902 -0.0000
vn 0.7729 -0.6345 -0.0000
vn -0.7729 -0.6345 -0.0000
vn -0.9570 -0.2902 -0.0000
vn -0.9952 -0.0981 -0.0000
vn -0.9952 0.0981 -0.0000
vn -0.9570 0.2902 -0.0000
vn -0.7729 0.6345 -0.0000
vn 0.2902 0.9570 -0.0000
vn 0.4715 0.8819 -0.0000
vn 0.4715 -0.8819 -0.0000
vn 0.2902 -0.9570 -0.0000
vn -0.2902 -0.9570 -0.0000
vn -0.4715 -0.8819 -0.0000
vn -0.4715 0.8819 -0.0000
vn -0.2902 0.9570 -0.0000
vt 1.000000 0.500000
vt 1.000000 1.000000
vt 0.968750 1.000000
vt 0.968750 0.500000
vt 0.937500 1.000000
vt 0.937500 0.500000
vt 0.906250 1.000000
vt 0.906250 0.500000
vt 0.875000 1.000000
vt 0.875000 0.500000
vt 0.843750 1.000000
vt 0.843750 0.500000
vt 0.812500 1.000000
vt 0.812500 0.500000
vt 0.781250 1.000000
vt 0.781250 0.500000
vt 0.750000 1.000000
vt 0.750000 0.500000
vt 0.718750 1.000000
vt 0.718750 0.500000
vt 0.687500 1.000000
vt 0.687500 0.500000
vt 0.656250 1.000000
vt 0.656250 0.500000
vt 0.625000 1.000000
vt 0.625000 0.500000
vt 0.593750 1.000000
vt 0.593750 0.500000
vt 0.562500 1.000000
vt 0.562500 0.500000
vt 0.531250 1.000000
vt 0.531250 0.500000
vt 0.500000 1.000000
vt 0.500000 0.500000
vt 0.468750 1.000000
vt 0.468750 0.500000
vt 0.437500 1.000000
vt 0.437500 0.500000
vt 0.406250 1.000000
vt 0.406250 0.500000
vt 0.375000 1.000000
vt 0.375000 0.500000
vt 0.343750 1.000000
vt 0.343750 0.500000
vt 0.312500 1.000000
vt 0.312500 0.500000
vt 0.281250 1.000000
vt 0.281250 0.500000
vt 0.250000 1.000000
vt 0.250000 0.500000
vt 0.218750 1.000000
vt 0.218750 0.500000
vt 0.187500 1.000000
vt 0.187500 0.500000
vt 0.156250 1.000000
vt 0.156250 0.500000
vt 0.125000 1.000000
vt 0.125000 0.500000
vt 0.093750 1.000000
vt 0.093750 0.500000
vt 0.062500 1.000000
vt 0.062500 0.500000
vt 0.296822 0.485388
vt 0.250000 0.490000
vt 0.203178 0.485388
vt 0.158156 0.471731
vt 0.116663 0.449553
vt 0.080294 0.419706
vt 0.050447 0.383337
vt 0.028269 0.341844
vt 0.014612 0.296822
vt 0.010000 0.250000
vt 0.014612 0.203178
vt 0.028269 0.158156
vt 0.050447 0.116663
vt 0.080294 0.080294
vt 0.116663 0.050447
vt 0.158156 0.028269
vt 0.203178 0.014612
vt 0.250000 0.010000
vt 0.296822 0.014612
vt 0.341844 0.028269
vt 0.383337 0.050447
vt 0.419706 0.080294
vt 0.449553 0.116663
vt 0.471731 0.158156
vt 0.485388 0.203178
vt 0.490000 0.250000
vt 0.485388 0.296822
vt 0.471731 0.341844
vt 0.449553 0.383337
vt 0.419706 0.419706
vt 0.383337 0.449553
vt 0.341844 0.471731
vt 0.031250 1.000000
vt 0.031250 0.500000
vt 0.000000 1.000000
vt 0.000000 0.500000
vt 0.750000 0.490000
vt 0.796822 0.485388
vt 0.841844 0.471731
vt 0.883337 0.449553
vt 0.919706 0.419706
vt 0.949553 0.383337
vt 0.971731 0.341844
vt 0.985388 0.296822
vt 0.990000 0.250000
vt 0.985388 0.203178
vt 0.971731 0.158156
vt 0.949553 0.116663
vt 0.919706 0.080294
vt 0.883337 0.050447
vt 0.841844 0.028269
vt 0.796822 0.014612
vt 0.750000 0.010000
vt 0.703178 0.014612
vt 0.658156 0.028269
vt 0.616663 0.050447
vt 0.580294 0.080294
vt 0.550447 0.116663
vt 0.528269 0.158156
vt 0.514612 0.203178
vt 0.510000 0.250000
vt 0.514612 0.296822
vt 0.528269 0.341844
vt 0.550447 0.383337
vt 0.580294 0.419706
vt 0.616663 0.449553
vt 0.658156 0.471731
vt 0.703178 0.485388
s 0
f 881/1808/40 882/1809/40 884/1810/40 883/1811/40
f 883/1811/41 884/1810/41 886/1812/41 885/1813/41
f 885/1813/42 886/1812/42 888/1814/42 887/1815/42
f 887/1815/43 888/1814/43 890/1816/43 889/1817/43
f 889/1817/44 890/1816/44 892/1818/44 891/1819/44
f 891/1819/45 892/1818/45 894/1820/45 893/1821/45
f 893/1821/46 894/1820/46 896/1822/46 895/1823/46
f 895/1823/47 896/1822/47 898/1824/47 897/1825/47
f 897/1825/48 898/1824/48 900/1826/48 899/1827/48
f 899/1827/49 900/1826/49 902/1828/49 901/1829/49
f 901/1829/50 902/1828/50 904/1830/50 903/1831/50
f 903/1831/51 904/1830/51 906/1832/51 905/1833/51
f 905/1833/52 906/1832/52 908/1834/52 907/1835/52
f 907/1835/53 908/1834/53 910/1836/53 909/1837/53
f 909/1837/54 910/1836/54 912/1838/54 911/1839/54
f 911/1839/55 912/1838/55 914/1840/55 913/1841/55
f 913/1841/56 914/1840/56 916/1842/56 915/1843/56
f 915/1843/57 916/1842/57 918/1844/57 917/1845/57
f 917/1845/58 918/1844/58 920/1846/58 919/1847/58
f 919/1847/59 920/1846/59 922/1848/59 921/1849/59
f 921/1849/60 922/1848/60 924/1850/60 923/1851/60
f 923/1851/61 924/1850/61 926/1852/61 925/1853/61
f 925/1853/62 926/1852/62 928/1854/62 927/1855/62
f 927/1855/63 928/1854/63 930/1856/63 929/1857/63
f 929/1857/64 930/1856/64 932/1858/64 931/1859/64
f 931/1859/65 932/1858/65 934/1860/65 933/1861/65
f 933/1861/66 934/1860/66 936/1862/66 935/1863/66
f 935/1863/67 936/1862/67 938/1864/67 937/1865/67
f 937/1865/68 938/1864/68 940/1866/68 939/1867/68
f 939/1867/69 940/1866/69 942/1868/69 941/1869/69
f 884/1870/70 882/1871/70 944/1872/70 942/1873/70 940/1874/70 938/1875/70 936/1876/70 934/1877/70 932/1878/70 930/1879/70 928/1880/70 926/1881/70 924/1882/70 922/1883/70 920/1884/70 918/1885/70 916/1886/70 914/1887/70 912/1888/70 910/1889/70 908/1890/70 906/1891/70 904/1892/70 902/1893/70 900/1894/70 898/1895/70 896/1896/70 894/1897/70 892/1898/70 890/1899/70 888/1900/70 886/1901/70
f 941/1869/71 942/1868/71 944/1902/71 943/1903/71
f 943/1903/72 944/1902/72 882/1904/72 881/1905/72
f 881/1906/73 883/1907/73 885/1908/73 887/1909/73 889/1910/73 891/1911/73 893/1912/73 895/1913/73 897/1914/73 899/1915/73 901/1916/73 903/1917/73 905/1918/73 907/1919/73 909/1920/73 911/1921/73 913/1922/73 915/1923/73 917/1924/73 919/1925/73 921/1926/73 923/1927/73 925/1928/73 927/1929/73 929/1930/73 931/1931/73 933/1932/73 935/1933/73 937/1934/73 939/1935/73 941/1936/73 943/1937/73
f 945/1808/40 946/1809/40 948/1810/40 947/1811/40
f 947/1811/41 948/1810/41 950/1812/41 949/1813/41
f 949/1813/42 950/1812/42 952/1814/42 951/1815/42
f 951/1815/43 952/1814/43 954/1816/43 953/1817/43
f 953/1817/44 954/1816/44 956/1818/44 955/1819/44
f 955/1819/45 956/1818/45 958/1820/45 957/1821/45
f 957/1821/46 958/1820/46 960/1822/46 959/1823/46
f 959/1823/47 960/1822/47 962/1824/47 961/1825/47
f 961/1825/48 962/1824/48 964/1826/48 963/1827/48
f 963/1827/49 964/1826/49 966/1828/49 965/1829/49
f 965/1829/50 966/1828/50 968/1830/50 967/1831/50
f 967/1831/51 968/1830/51 970/1832/51 969/1833/51
f 969/1833/52 970/1832/52 972/1834/52 971/1835/52
f 971/1835/53 972/1834/53 974/1836/53 973/1837/53
f 973/1837/54 974/1836/54 976/1838/54 975/1839/54
f 975/1839/55 976/1838/55 978/1840/55 977/1841/55
f 977/1841/56 978/1840/56 980/1842/56 979/1843/56
f 979/1843/57 980/1842/57 982/1844/57 981/1845/57
f 981/1845/58 982/1844/58 984/1846/58 983/1847/58
f 983/1847/59 984/1846/59 986/1848/59 985/1849/59
f 985/1849/60 986/1848/60 988/1850/60 987/1851/60
f 987/1851/61 988/1850/61 990/1852/61 989/1853/61
f 989/1853/62 990/1852/62 992/1854/62 991/1855/62
f 991/1855/63 992/1854/63 994/1856/63 993/1857/63
f 993/1857/64 994/1856/64 996/1858/64 995/1859/64
f 995/1859/65 996/1858/65 998/1860/65 997/1861/65
f 997/1861/66 998/1860/66 1000/1862/66 999/1863/66
f 999/1863/67 1000/1862/67 1002/1864/67 1001/1865/67
f 1001/1865/68 1002/1864/68 1004/1866/68 1003/1867/68
f 1003/1867/69 1004/1866/69 1006/1868/69 1005/1869/69
f 948/1870/70 946/1871/70 1008/1872/70 1006/1873/70 1004/1874/70 1002/1875/70 1000/1876/70 998/1877/70 996/1878/70 994/1879/70 992/1880/70 990/1881/70 988/1882/70 986/1883/70 984/1884/70 982/1885/70 980/1886/70 978/1887/70 976/1888/70 974/1889/70 972/1890/70 970/1891/70 968/1892/70 966/1893/70 964/1894/70 962/1895/70 960/1896/70 958/1897/70 956/1898/70 954/1899/70 952/1900/70 950/1901/70
f 1005/1869/71 1006/1868/71 1008/1902/71 1007/1903/71
f 1007/1903/72 1008/1902/72 946/1904/72 945/1905/72
f 945/1906/73 947/1907/73 949/1908/73 951/1909/73 953/1910/73 955/1911/73 957/1912/73 959/1913/73 961/1914/73 963/1915/73 965/1916/73 967/1917/73 969/1918/73 971/1919/73 973/1920/73 975/1921/73 977/1922/73 979/1923/73 981/1924/73 983/1925/73 985/1926/73 987/1927/73 989/1928/73 991/1929/73 993/1930/73 995/1931/73 997/1932/73 999/1933/73 1001/1934/73 1003/1935/73 1005/1936/73 1007/1937/73
f 1009/1808/40 1010/1809/40 1012/1810/40 1011/1811/40
f 1011/1811/41 1012/1810/41 1014/1812/41 1013/1813/41
f 1013/1813/42 1014/1812/42 1016/1814/42 1015/1815/42
f 1015/1815/43 1016/1814/43 1018/1816/43 1017/1817/43
f 1017/1817/44 1018/1816/44 1020/1818/44 1019/1819/44
f 1019/1819/45 1020/1818/45 1022/1820/45 1021/1821/45
f 1021/1821/46 1022/1820/46 1024/1822/46 1023/1823/46
f 1023/1823/47 1024/1822/47 1026/1824/47 1025/1825/47
f 1025/1825/48 1026/1824/48 1028/1826/48 1027/1827/48
f 1027/1827/49 1028/1826/49 1030/1828/49 1029/1829/49
f 1029/1829/50 1030/1828/50 1032/1830/50 1031/1831/50
f 1031/1831/51 1032/1830/51 1034/1832/51 1033/1833/51
f 1033/1833/52 1034/1832/52 1036/1834/52 1035/1835/52
f 1035/1835/53 1036/1834/53 1038/1836/53 1037/1837/53
f 1037/1837/54 1038/1836/54 1040/1838/54 1039/1839/54
f 1039/1839/55 1040/1838/55 1042/1840/55 1041/1841/55
f 1041/1841/56 1042/1840/56 1044/1842/56 1043/1843/56
f 1043/1843/57 1044/1842/57 1046/1844/57 1045/1845/57
f 1045/1845/58 1046/1844/58 1048/1846/58 1047/1847/58
f 1047/1847/59 1048/1846/59 1050/1848/59 1049/1849/59
f 1049/1849/60 1050/1848/60 1052/1850/60 1051/1851/60
f 1051/1851/61 1052/1850/61 1054/1852/61 1053/1853/61
f 1053/1853/62 1054/1852/62 1056/1854/62 1055/1855/62
f 1055/1855/63 1056/1854/63 1058/1856/63 1057/1857/63
f 1057/1857/64 1058/1856/64 1060/1858/64 1059/1859/64
f 1059/1859/65 1060/1858/65 1062/1860/65 1061/1861/65
f 1061/1861/66 1062/1860/66 1064/1862/66 1063/1863/66
f 1063/1863/67 1064/1862/67 1066/1864/67 1065/1865/67
f 1065/1865/68 1066/1864/68 1068/1866/68 1067/1867/68
f 1067/1867/69 1068/1866/69 1070/1868/69 1069/1869/69
f 1012/1870/70 1010/1871/70 1072/1872/70 1070/1873/70 1068/1874/70 1066/1875/70 1064/1876/70 1062/1877/70 1060/1878/70 1058/1879/70 1056/1880/70 1054/1881/70 1052/1882/70 1050/1883/70 1048/1884/70 1046/1885/70 1044/1886/70 1042/1887/70 1040/1888/70 1038/1889/70 1036/1890/70 1034/1891/70 1032/1892/70 1030/1893/70 1028/1894/70 1026/1895/70 1024/1896/70 1022/1897/70 1020/1898/70 1018/1899/70 1016/1900/70 1014/1901/70
f 1069/1869/71 1070/1868/71 1072/1902/71 1071/1903/71
f 1071/1903/72 1072/1902/72 1010/1904/72 1009/1905/72
f 1009/1906/73 1011/1907/73 1013/1908/73 1015/1909/73 1017/1910/73 1019/1911/73 1021/1912/73 1023/1913/73 1025/1914/73 1027/1915/73 1029/1916/73 1031/1917/73 1033/1918/73 1035/1919/73 1037/1920/73 1039/1921/73 1041/1922/73 1043/1923/73 1045/1924/73 1047/1925/73 1049/1926/73 1051/1927/73 1053/1928/73 1055/1929/73 1057/1930/73 1059/1931/73 1061/1932/73 1063/1933/73 1065/1934/73 1067/1935/73 1069/1936/73 1071/1937/73
f 1073/1808/40 1074/1809/40 1076/1810/40 1075/1811/40
f 1075/1811/41 1076/1810/41 1078/1812/41 1077/1813/41
f 1077/1813/42 1078/1812/42 1080/1814/42 1079/1815/42
f 1079/1815/43 1080/1814/43 1082/1816/43 1081/1817/43
f 1081/1817/44 1082/1816/44 1084/1818/44 1083/1819/44
f 1083/1819/45 1084/1818/45 1086/1820/45 1085/1821/45
f 1085/1821/46 1086/1820/46 1088/1822/46 1087/1823/46
f 1087/1823/47 1088/1822/47 1090/1824/47 1089/1825/47
f 1089/1825/48 1090/1824/48 1092/1826/48 1091/1827/48
f 1091/1827/49 1092/1826/49 1094/1828/49 1093/1829/49
f 1093/1829/50 1094/1828/50 1096/1830/50 1095/1831/50
f 1095/1831/51 1096/1830/51 1098/1832/51 1097/1833/51
f 1097/1833/52 1098/1832/52 1100/1834/52 1099/1835/52
f 1099/1835/53 1100/1834/53 1102/1836/53 1101/1837/53
f 1101/1837/54 1102/1836/54 1104/1838/54 1103/1839/54
f 1103/1839/55 1104/1838/55 1106/1840/55 1105/1841/55
f 1105/1841/56 1106/1840/56 1108/1842/56 1107/1843/56
f 1107/1843/57 1108/1842/57 1110/1844/57 1109/1845/57
f 1109/1845/58 1110/1844/58 1112/1846/58 1111/1847/58
f 1111/1847/59 1112/1846/59 1114/1848/59 1113/1849/59
f 1113/1849/60 1114/1848/60 1116/1850/60 1115/1851/60
f 1115/1851/61 1116/1850/61 1118/1852/61 1117/1853/61
f 1117/1853/62 1118/1852/62 1120/1854/62 1119/1855/62
f 1119/1855/63 1120/1854/63 1122/1856/63 1121/1857/63
f 1121/1857/64 1122/1856/64 1124/1858/64 1123/1859/64
f 1123/1859/65 1124/1858/65 1126/1860/65 1125/1861/65
f 1125/1861/66 1126/1860/66 1128/1862/66 1127/1863/66
f 1127/1863/67 1128/1862/67 1130/1864/67 1129/1865/67
f 1129/1865/68 1130/1864/68 1132/1866/68 1131/1867/68
f 1131/1867/69 1132/1866/69 1134/1868/69 1133/1869/69
f 1076/1870/70 1074/1871/70 1136/1872/70 1134/1873/70 1132/1874/70 1130/1875/70 1128/1876/70 1126/1877/70 1124/1878/70 1122/1879/70 1120/1880/70 1118/1881/70 1116/1882/70 1114/1883/70 1112/1884/70 1110/1885/70 1108/1886/70 1106/1887/70 1104/1888/70 1102/1889/70 1100/1890/70 1098/1891/70 1096/1892/70 1094/1893/70 1092/1894/70 1090/1895/70 1088/1896/70 1086/1897/70 1084/1898/70 1082/1899/70 1080/1900/70 1078/1901/70
f 1133/1869/71 1134/1868/71 1136/1902/71 1135/1903/71
f 1135/1903/72 1136/1902/72 1074/1904/72 1073/1905/72
f 1073/1906/73 1075/1907/73 1077/1908/73 1079/1909/73 1081/1910/73 1083/1911/73 1085/1912/73 1087/1913/73 1089/1914/73 1091/1915/73 1093/1916/73 1095/1917/73 1097/1918/73 1099/1919/73 1101/1920/73 1103/1921/73 1105/1922/73 1107/1923/73 1109/1924/73 1111/1925/73 1113/1926/73 1115/1927/73 1117/1928/73 1119/1929/73 1121/1930/73 1123/1931/73 1125/1932/73 1127/1933/73 1129/1934/73 1131/1935/73 1133/1936/73 1135/1937/73
f 1137/1808/40 1138/1809/40 1140/1810/40 1139/1811/40
f 1139/1811/41 1140/1810/41 1142/1812/41 1141/1813/41
f 1141/1813/42 1142/1812/42 1144/1814/42 1143/1815/42
f 1143/1815/43 1144/1814/43 1146/1816/43 1145/1817/43
f 1145/1817/44 1146/1816/44 1148/1818/44 1147/1819/44
f 1147/1819/45 1148/1818/45 1150/1820/45 1149/1821/45
f 1149/1821/46 1150/1820/46 1152/1822/46 1151/1823/46
f 1151/1823/47 1152/1822/47 1154/1824/47 1153/1825/47
f 1153/1825/48 1154/1824/48 1156/1826/48 1155/1827/48
f 1155/1827/49 1156/1826/49 1158/1828/49 1157/1829/49
f 1157/1829/50 1158/1828/50 1160/1830/50 1159/1831/50
f 1159/1831/51 1160/1830/51 1162/1832/51 1161/1833/51
f 1161/1833/52 1162/1832/52 1164/1834/52 1163/1835/52
f 1163/1835/53 1164/1834/53 1166/1836/53 1165/1837/53
f 1165/1837/54 1166/1836/54 1168/1838/54 1167/1839/54
f 1167/1839/55 1168/1838/55 1170/1840/55 1169/1841/55
f 1169/1841/56 1170/1840/56 1172/1842/56 1171/1843/56
f 1171/1843/57 1172/1842/57 1174/1844/57 1173/1845/57
f 1173/1845/58 1174/1844/58 1176/1846/58 1175/1847/58
f 1175/1847/59 1176/1846/59 1178/1848/59 1177/1849/59
f 1177/1849/60 1178/1848/60 1180/1850/60 1179/1851/60
f 1179/1851/61 1180/1850/61 1182/1852/61 1181/1853/61
f 1181/1853/62 1182/1852/62 1184/1854/62 1183/1855/62
f 1183/1855/63 1184/1854/63 1186/1856/63 1185/1857/63
f 1185/1857/64 1186/1856/64 1188/1858/64 1187/1859/64
f 1187/1859/65 1188/1858/65 1190/1860/65 1189/1861/65
f 1189/1861/66 1190/1860/66 1192/1862/66 1191/1863/66
f 1191/1863/67 1192/1862/67 1194/1864/67 1193/1865/67
f 1193/1865/68 1194/1864/68 1196/1866/68 1195/1867/68
f 1195/1867/69 1196/1866/69 1198/1868/69 1197/1869/69
f 1140/1870/70 1138/1871/70 1200/1872/70 1198/1873/70 1196/1874/70 1194/1875/70 1192/1876/70 1190/1877/70 1188/1878/70 1186/1879/70 1184/1880/70 1182/1881/70 1180/1882/70 1178/1883/70 1176/1884/70 1174/1885/70 1172/1886/70 1170/1887/70 1168/1888/70 1166/1889/70 1164/1890/70 1162/1891/70 1160/1892/70 1158/1893/70 1156/1894/70 1154/1895/70 1152/1896/70 1150/1897/70 1148/1898/70 1146/1899/70 1144/1900/70 1142/1901/70
f 1197/1869/71 1198/1868/71 1200/1902/71 1199/1903/71
f 1199/1903/72 1200/1902/72 1138/1904/72 1137/1905/72
f 1137/1906/73 1139/1907/73 1141/1908/73 1143/1909/73 1145/1910/73 1147/1911/73 1149/1912/73 1151/1913/73 1153/1914/73 1155/1915/73 1157/1916/73 1159/1917/73 1161/1918/73 1163/1919/73 1165/1920/73 1167/1921/73 1169/1922/73 1171/1923/73 1173/1924/73 1175/1925/73 1177/1926/73 1179/1927/73 1181/1928/73 1183/1929/73 1185/1930/73 1187/1931/73 1189/1932/73 1191/1933/73 1193/1934/73 1195/1935/73 1197/1936/73 1199/1937/73
f 1201/1808/40 1202/1809/40 1204/1810/40 1203/1811/40
f 1203/1811/41 1204/1810/41 1206/1812/41 1205/1813/41
f 1205/1813/42 1206/1812/42 1208/1814/42 1207/1815/42
f 1207/1815/43 1208/1814/43 1210/1816/43 1209/1817/43
f 1209/1817/74 1210/1816/74 1212/1818/74 1211/1819/74
f 1211/1819/45 1212/1818/45 1214/1820/45 1213/1821/45
f 1213/1821/75 1214/1820/75 1216/1822/75 1215/1823/75
f 1215/1823/76 1216/1822/76 1218/1824/76 1217/1825/76
f 1217/1825/77 1218/1824/77 1220/1826/77 1219/1827/77
f 1219/1827/78 1220/1826/78 1222/1828/78 1221/1829/78
f 1221/1829/50 1222/1828/50 1224/1830/50 1223/1831/50
f 1223/1831/79 1224/1830/79 1226/1832/79 1225/1833/79
f 1225/1833/52 1226/1832/52 1228/1834/52 1227/1835/52
f 1227/1835/53 1228/1834/53 1230/1836/53 1229/1837/53
f 1229/1837/54 1230/1836/54 1232/1838/54 1231/1839/54
f 1231/1839/55 1232/1838/55 1234/1840/55 1233/1841/55
f 1233/1841/56 1234/1840/56 1236/1842/56 1235/1843/56
f 1235/1843/57 1236/1842/57 1238/1844/57 1237/1845/57
f 1237/1845/58 1238/1844/58 1240/1846/58 1239/1847/58
f 1239/1847/59 1240/1846/59 1242/1848/59 1241/1849/59
f 1241/1849/80 1242/1848/80 1244/1850/80 1243/1851/80
f 1243/1851/61 1244/1850/61 1246/1852/61 1245/1853/61
f 1245/1853/81 1246/1852/81 1248/1854/81 1247/1855/81
f 1247/1855/82 1248/1854/82 1250/1856/82 1249/1857/82
f 1249/1857/83 1250/1856/83 1252/1858/83 1251/1859/83
f 1251/1859/84 1252/1858/84 1254/1860/84 1253/1861/84
f 1253/1861/66 1254/1860/66 1256/1862/66 1255/1863/66
f 1255/1863/85 1256/1862/85 1258/1864/85 1257/1865/85
f 1257/1865/68 1258/1864/68 1260/1866/68 1259/1867/68
f 1259/1867/69 1260/1866/69 1262/1868/69 1261/1869/69
f 1204/1870/70 1202/1871/70 1264/1872/70 1262/1873/70 1260/1874/70 1258/1875/70 1256/1876/70 1254/1877/70 1252/1878/70 1250/1879/70 1248/1880/70 1246/1881/70 1244/1882/70 1242/1883/70 1240/1884/70 1238/1885/70 1236/1886/70 1234/1887/70 1232/1888/70 1230/1889/70 1228/1890/70 1226/1891/70 1224/1892/70 1222/1893/70 1220/1894/70 1218/1895/70 1216/1896/70 1214/1897/70 1212/1898/70 1210/1899/70 1208/1900/70 1206/1901/70
f 1261/1869/71 1262/1868/71 1264/1902/71 1263/1903/71
f 1263/1903/72 1264/1902/72 1202/1904/72 1201/1905/72
f 1201/1906/73 1203/1907/73 1205/1908/73 1207/1909/73 1209/1910/73 1211/1911/73 1213/1912/73 1215/1913/73 1217/1914/73 1219/1915/73 1221/1916/73 1223/1917/73 1225/1918/73 1227/1919/73 1229/1920/73 1231/1921/73 1233/1922/73 1235/1923/73 1237/1924/73 1239/1925/73 1241/1926/73 1243/1927/73 1245/1928/73 1247/1929/73 1249/1930/73 1251/1931/73 1253/1932/73 1255/1933/73 1257/1934/73 1259/1935/73 1261/1936/73 1263/1937/73
f 1265/1808/40 1266/1809/40 1268/1810/40 1267/1811/40
f 1267/1811/41 1268/1810/41 1270/1812/41 1269/1813/41
f 1269/1813/42 1270/1812/42 1272/1814/42 1271/1815/42
f 1271/1815/43 1272/1814/43 1274/1816/43 1273/1817/43
f 1273/1817/74 1274/1816/74 1276/1818/74 1275/1819/74
f 1275/1819/45 1276/1818/45 1278/1820/45 1277/1821/45
f 1277/1821/75 1278/1820/75 1280/1822/75 1279/1823/75
f 1279/1823/76 1280/1822/76 1282/1824/76 1281/1825/76
f 1281/1825/77 1282/1824/77 1284/1826/77 1283/1827/77
f 1283/1827/78 1284/1826/78 1286/1828/78 1285/1829/78
f 1285/1829/50 1286/1828/50 1288/1830/50 1287/1831/50
f 1287/1831/79 1288/1830/79 1290/1832/79 1289/1833/79
f 1289/1833/52 1290/1832/52 1292/1834/52 1291/1835/52
f 1291/1835/53 1292/1834/53 1294/1836/53 1293/1837/53
f 1293/1837/54 1294/1836/54 1296/1838/54 1295/1839/54
f 1295/1839/55 1296/1838/55 1298/1840/55 1297/1841/55
f 1297/1841/56 1298/1840/56 1300/1842/56 1299/1843/56
f 1299/1843/57 1300/1842/57 1302/1844/57 1301/1845/57
f 1301/1845/58 1302/1844/58 1304/1846/58 1303/1847/58
f 1303/1847/59 1304/1846/59 1306/1848/59 1305/1849/59
f 1305/1849/80 1306/1848/80 1308/1850/80 1307/1851/80
f 1307/1851/61 1308/1850/61 1310/1852/61 1309/1853/61
f 1309/1853/81 1310/1852/81 1312/1854/81 1311/1855/81
f 1311/1855/82 1312/1854/82 1314/1856/82 1313/1857/82
f 1313/1857/83 1314/1856/83 1316/1858/83 1315/1859/83
f 1315/1859/84 1316/1858/84 1318/1860/84 1317/1861/84
f 1317/1861/66 1318/1860/66 1320/1862/66 1319/1863/66
f 1319/1863/85 1320/1862/85 1322/1864/85 1321/1865/85
f 1321/1865/68 1322/1864/68 1324/1866/68 1323/1867/68
f 1323/1867/69 1324/1866/69 1326/1868/69 1325/1869/69
f 1268/1870/70 1266/1871/70 1328/1872/70 1326/1873/70 1324/1874/70 1322/1875/70 1320/1876/70 1318/1877/70 1316/1878/70 1314/1879/70 1312/1880/70 1310/1881/70 1308/1882/70 1306/1883/70 1304/1884/70 1302/1885/70 1300/1886/70 1298/1887/70 1296/1888/70 1294/1889/70 1292/1890/70 1290/1891/70 1288/1892/70 1286/1893/70 1284/1894/70 1282/1895/70 1280/1896/70 1278/1897/70 1276/1898/70 1274/1899/70 1272/1900/70 1270/1901/70
f 1325/1869/71 1326/1868/71 1328/1902/71 1327/1903/71
f 1327/1903/72 1328/1902/72 1266/1904/72 1265/1905/72
f 1265/1906/73 1267/1907/73 1269/1908/73 1271/1909/73 1273/1910/73 1275/1911/73 1277/1912/73 1279/1913/73 1281/1914/73 1283/1915/73 1285/1916/73 1287/1917/73 1289/1918/73 1291/1919/73 1293/1920/73 1295/1921/73 1297/1922/73 1299/1923/73 1301/1924/73 1303/1925/73 1305/1926/73 1307/1927/73 1309/1928/73 1311/1929/73 1313/1930/73 1315/1931/73 1317/1932/73 1319/1933/73 1321/1934/73 1323/1935/73 1325/1936/73 1327/1937/73
f 1329/1808/40 1330/1809/40 1332/1810/40 1331/1811/40
f 1331/1811/41 1332/1810/41 1334/1812/41 1333/1813/41
f 1333/1813/42 1334/1812/42 1336/1814/42 1335/1815/42
f 1335/1815/43 1336/1814/43 1338/1816/43 1337/1817/43
f 1337/1817/74 1338/1816/74 1340/1818/74 1339/1819/74
f 1339/1819/45 1340/1818/45 1342/1820/45 1341/1821/45
f 1341/1821/75 1342/1820/75 1344/1822/75 1343/1823/75
f 1343/1823/76 1344/1822/76 1346/1824/76 1345/1825/76
f 1345/1825/77 1346/1824/77 1348/1826/77 1347/1827/77
f 1347/1827/78 1348/1826/78 1350/1828/78 1349/1829/78
f 1349/1829/50 1350/1828/50 1352/1830/50 1351/1831/50
f 1351/1831/79 1352/1830/79 1354/1832/79 1353/1833/79
f 1353/1833/52 1354/1832/52 1356/1834/52 1355/1835/52
f 1355/1835/53 1356/1834/53 1358/1836/53 1357/1837/53
f 1357/1837/54 1358/1836/54 1360/1838/54 1359/1839/54
f 1359/1839/55 1360/1838/55 1362/1840/55 1361/1841/55
f 1361/1841/56 1362/1840/56 1364/1842/56 1363/1843/56
f 1363/1843/57 1364/1842/57 1366/1844/57 1365/1845/57
f 1365/1845/58 1366/1844/58 1368/1846/58 1367/1847/58
f 1367/1847/59 1368/1846/59 1370/1848/59 1369/1849/59
f 1369/1849/80 1370/1848/80 1372/1850/80 1371/1851/80
f 1371/1851/61 1372/1850/61 1374/1852/61 1373/1853/61
f 1373/1853/81 1374/1852/81 1376/1854/81 1375/1855/81
f 1375/1855/82 1376/1854/82 1378/1856/82 1377/1857/82
f 1377/1857/83 1378/1856/83 1380/1858/83 1379/1859/83
f 1379/1859/84 1380/1858/84 1382/1860/84 1381/1861/84
f 1381/1861/66 1382/1860/66 1384/1862/66 1383/1863/66
f 1383/1863/85 1384/1862/85 1386/1864/85 1385/1865/85
f 1385/1865/68 1386/1864/68 1388/1866/68 1387/1867/68
f 1387/1867/69 1388/1866/69 1390/1868/69 1389/1869/69
f 1332/1870/70 1330/1871/70 1392/1872/70 1390/1873/70 1388/1874/70 1386/1875/70 1384/1876/70 1382/1877/70 1380/1878/70 1378/1879/70 1376/1880/70 1374/1881/70 1372/1882/70 1370/1883/70 1368/1884/70 1366/1885/70 1364/1886/70 1362/1887/70 1360/1888/70 1358/1889/70 1356/1890/70 1354/1891/70 1352/1892/70 1350/1893/70 1348/1894/70 1346/1895/70 1344/1896/70 1342/1897/70 1340/1898/70 1338/1899/70 1336/1900/70 1334/1901/70
f 1389/1869/71 1390/1868/71 1392/1902/71 1391/1903/71
f 1391/1903/72 1392/1902/72 1330/1904/72 1329/1905/72
f 1329/1906/73 1331/1907/73 1333/1908/73 1335/1909/73 1337/1910/73 1339/1911/73 1341/1912/73 1343/1913/73 1345/1914/73 1347/1915/73 1349/1916/73 1351/1917/73 1353/1918/73 1355/1919/73 1357/1920/73 1359/1921/73 1361/1922/73 1363/1923/73 1365/1924/73 1367/1925/73 1369/1926/73 1371/1927/73 1373/1928/73 1375/1929/73 1377/1930/73 1379/1931/73 1381/1932/73 1383/1933/73 1385/1934/73 1387/1935/73 1389/1936/73 1391/1937/73
f 1393/1808/40 1394/1809/40 1396/1810/40 1395/1811/40
f 1395/1811/41 1396/1810/41 1398/1812/41 1397/1813/41
f 1397/1813/42 1398/1812/42 1400/1814/42 1399/1815/42
f 1399/1815/43 1400/1814/43 1402/1816/43 1401/1817/43
f 1401/1817/74 1402/1816/74 1404/1818/74 1403/1819/74
f 1403/1819/45 1404/1818/45 1406/1820/45 1405/1821/45
f 1405/1821/75 1406/1820/75 1408/1822/75 1407/1823/75
f 1407/1823/76 1408/1822/76 1410/1824/76 1409/1825/76
f 1409/1825/77 1410/1824/77 1412/1826/77 1411/1827/77
f 1411/1827/78 1412/1826/78 1414/1828/78 1413/1829/78
f 1413/1829/50 1414/1828/50 1416/1830/50 1415/1831/50
f 1415/1831/79 1416/1830/79 1418/1832/79 1417/1833/79
f 1417/1833/52 1418/1832/52 1420/1834/52 1419/1835/52
f 1419/1835/53 1420/1834/53 1422/1836/53 1421/1837/53
f 1421/1837/54 1422/1836/54 1424/1838/54 1423/1839/54
f 1423/1839/55 1424/1838/55 1426/1840/55 1425/1841/55
f 1425/1841/56 1426/1840/56 1428/1842/56 1427/1843/56
f 1427/1843/57 1428/1842/57 1430/1844/57 1429/1845/57
f 1429/1845/58 1430/1844/58 1432/1846/58 1431/1847/58
f 1431/1847/59 1432/1846/59 1434/1848/59 1433/1849/59
f 1433/1849/80 1434/1848/80 1436/1850/80 1435/1851/80
f 1435/1851/61 1436/1850/61 1438/1852/61 1437/1853/61
f 1437/1853/81 1438/1852/81 1440/1854/81 1439/1855/81
f 1439/1855/82 1440/1854/82 1442/1856/82 1441/1857/82
f 1441/1857/83 1442/1856/83 1444/1858/83 1443/1859/83
f 1443/1859/84 1444/1858/84 1446/1860/84 1445/1861/84
f 1445/1861/66 1446/1860/66 1448/1862/66 1447/1863/66
f 1447/1863/85 1448/1862/85 1450/1864/85 1449/1865/85
f 1449/1865/68 1450/1864/68 1452/1866/68 1451/1867/68
f 1451/1867/69 1452/1866/69 1454/1868/69 1453/1869/69
f 1396/1870/70 1394/1871/70 1456/1872/70 1454/1873/70 1452/1874/70 1450/1875/70 1448/1876/70 1446/1877/70 1444/1878/70 1442/1879/70 1440/1880/70 1438/1881/70 1436/1882/70 1434/1883/70 1432/1884/70 1430/1885/70 1428/1886/70 1426/1887/70 1424/1888/70 1422/1889/70 1420/1890/70 1418/1891/70 1416/1892/70 1414/1893/70 1412/1894/70 1410/1895/70 1408/1896/70 1406/1897/70 1404/1898/70 1402/1899/70 1400/1900/70 1398/1901/70
f 1453/1869/71 1454/1868/71 1456/1902/71 1455/1903/71
f 1455/1903/72 1456/1902/72 1394/1904/72 1393/1905/72
f 1393/1906/73 1395/1907/73 1397/1908/73 1399/1909/73 1401/1910/73 1403/1911/73 1405/1912/73 1407/1913/73 1409/1914/73 1411/1915/73 1413/1916/73 1415/1917/73 1417/1918/73 1419/1919/73 1421/1920/73 1423/1921/73 1425/1922/73 1427/1923/73 1429/1924/73 1431/1925/73 1433/1926/73 1435/1927/73 1437/1928/73 1439/1929/73 1441/1930/73 1443/1931/73 1445/1932/73 1447/1933/73 1449/1934/73 1451/1935/73 1453/1936/73 1455/1937/73
f 1457/1808/40 1458/1809/40 1460/1810/40 1459/1811/40
f 1459/1811/41 1460/1810/41 1462/1812/41 1461/1813/41
f 1461/1813/42 1462/1812/42 1464/1814/42 1463/1815/42
f 1463/1815/43 1464/1814/43 1466/1816/43 1465/1817/43
f 1465/1817/74 1466/1816/74 1468/1818/74 1467/1819/74
f 1467/1819/45 1468/1818/45 1470/1820/45 1469/1821/45
f 1469/1821/75 1470/1820/75 1472/1822/75 1471/1823/75
f 1471/1823/76 1472/1822/76 1474/1824/76 1473/1825/76
f 1473/1825/77 1474/1824/77 1476/1826/77 1475/1827/77
f 1475/1827/78 1476/1826/78 1478/1828/78 1477/1829/78
f 1477/1829/50 1478/1828/50 1480/1830/50 1479/1831/50
f 1479/1831/79 1480/1830/79 1482/1832/79 1481/1833/79
f 1481/1833/52 1482/1832/52 1484/1834/52 1483/1835/52
f 1483/1835/53 1484/1834/53 1486/1836/53 1485/1837/53
f 1485/1837/54 1486/1836/54 1488/1838/54 1487/1839/54
f 1487/1839/55 1488/1838/55 1490/1840/55 1489/1841/55
f 1489/1841/56 1490/1840/56 1492/1842/56 1491/1843/56
f 1491/1843/57 1492/1842/57 1494/1844/57 1493/1845/57
f 1493/1845/58 1494/1844/58 1496/1846/58 1495/1847/58
f 1495/1847/59 1496/1846/59 1498/1848/59 1497/1849/59
f 1497/1849/80 1498/1848/80 1500/1850/80 1499/1851/80
f 1499/1851/61 1500/1850/61 1502/1852/61 1501/1853/61
f 1501/1853/81 1502/1852/81 1504/1854/81 1503/1855/81
f 1503/1855/82 1504/1854/82 1506/1856/82 1505/1857/82
f 1505/1857/83 1506/1856/83 1508/1858/83 1507/1859/83
f 1507/1859/84 1508/1858/84 1510/1860/84 1509/1861/84
f 1509/1861/66 1510/1860/66 1512/1862/66 1511/1863/66
f 1511/1863/85 1512/1862/85 1514/1864/85 1513/1865/85
f 1513/1865/68 1514/1864/68 1516/1866/68 1515/1867/68
f 1515/1867/69 1516/1866/69 1518/1868/69 1517/1869/69
f 1460/1870/70 1458/1871/70 1520/1872/70 1518/1873/70 1516/1874/70 1514/1875/70 1512/1876/70 1510/1877/70 1508/1878/70 1506/1879/70 1504/1880/70 1502/1881/70 1500/1882/70 1498/1883/70 1496/1884/70 1494/1885/70 1492/1886/70 1490/1887/70 1488/1888/70 1486/1889/70 1484/1890/70 1482/1891/70 1480/1892/70 1478/1893/70 1476/1894/70 1474/1895/70 1472/1896/70 1470/1897/70 1468/1898/70 1466/1899/70 1464/1900/70 1462/1901/70
f 1517/1869/71 1518/1868/71 1520/1902/71 1519/1903/71
f 1519/1903/72 1520/1902/72 1458/1904/72 1457/1905/72
f 1457/1906/73 1459/1907/73 1461/1908/73 1463/1909/73 1465/1910/73 1467/1911/73 1469/1912/73 1471/1913/73 1473/1914/73 1475/1915/73 1477/1916/73 1479/1917/73 1481/1918/73 1483/1919/73 1485/1920/73 1487/1921/73 1489/1922/73 1491/1923/73 1493/1924/73 1495/1925/73 1497/1926/73 1499/1927/73 1501/1928/73 1503/1929/73 1505/1930/73 1507/1931/73 1509/1932/73 1511/1933/73 1513/1934/73 1515/1935/73 1517/1936/73 1519/1937/73
f 1521/1808/40 1522/1809/40 1524/1810/40 1523/1811/40
f 1523/1811/86 1524/1810/86 1526/1812/86 1525/1813/86
f 1525/1813/87 1526/1812/87 1528/1814/87 1527/1815/87
f 1527/1815/43 1528/1814/43 1530/1816/43 1529/1817/43
f 1529/1817/74 1530/1816/74 1532/1818/74 1531/1819/74
f 1531/1819/45 1532/1818/45 1534/1820/45 1533/1821/45
f 1533/1821/75 1534/1820/75 1536/1822/75 1535/1823/75
f 1535/1823/76 1536/1822/76 1538/1824/76 1537/1825/76
f 1537/1825/77 1538/1824/77 1540/1826/77 1539/1827/77
f 1539/1827/78 1540/1826/78 1542/1828/78 1541/1829/78
f 1541/1829/50 1542/1828/50 1544/1830/50 1543/1831/50
f 1543/1831/79 1544/1830/79 1546/1832/79 1545/1833/79
f 1545/1833/52 1546/1832/52 1548/1834/52 1547/1835/52
f 1547/1835/88 1548/1834/88 1550/1836/88 1549/1837/88
f 1549/1837/89 1550/1836/89 1552/1838/89 1551/1839/89
f 1551/1839/55 1552/1838/55 1554/1840/55 1553/1841/55
f 1553/1841/56 1554/1840/56 1556/1842/56 1555/1843/56
f 1555/1843/90 1556/1842/90 1558/1844/90 1557/1845/90
f 1557/1845/91 1558/1844/91 1560/1846/91 1559/1847/91
f 1559/1847/59 1560/1846/59 1562/1848/59 1561/1849/59
f 1561/1849/80 1562/1848/80 1564/1850/80 1563/1851/80
f 1563/1851/61 1564/1850/61 1566/1852/61 1565/1853/61
f 1565/1853/81 1566/1852/81 1568/1854/81 1567/1855/81
f 1567/1855/82 1568/1854/82 1570/1856/82 1569/1857/82
f 1569/1857/83 1570/1856/83 1572/1858/83 1571/1859/83
f 1571/1859/84 1572/1858/84 1574/1860/84 1573/1861/84
f 1573/1861/66 1574/1860/66 1576/1862/66 1575/1863/66
f 1575/1863/85 1576/1862/85 1578/1864/85 1577/1865/85
f 1577/1865/68 1578/1864/68 1580/1866/68 1579/1867/68
f 1579/1867/92 1580/1866/92 1582/1868/92 1581/1869/92
f 1524/1870/70 1522/1871/70 1584/1872/70 1582/1873/70 1580/1874/70 1578/1875/70 1576/1876/70 1574/1877/70 1572/1878/70 1570/1879/70 1568/1880/70 1566/1881/70 1564/1882/70 1562/1883/70 1560/1884/70 1558/1885/70 1556/1886/70 1554/1887/70 1552/1888/70 1550/1889/70 1548/1890/70 1546/1891/70 1544/1892/70 1542/1893/70 1540/1894/70 1538/1895/70 1536/1896/70 1534/1897/70 1532/1898/70 1530/1899/70 1528/1900/70 1526/1901/70
f 1581/1869/93 1582/1868/93 1584/1902/93 1583/1903/93
f 1583/1903/72 1584/1902/72 1522/1904/72 1521/1905/72
f 1521/1906/73 1523/1907/73 1525/1908/73 1527/1909/73 1529/1910/73 1531/1911/73 1533/1912/73 1535/1913/73 1537/1914/73 1539/1915/73 1541/1916/73 1543/1917/73 1545/1918/73 1547/1919/73 1549/1920/73 1551/1921/73 1553/1922/73 1555/1923/73 1557/1924/73 1559/1925/73 1561/1926/73 1563/1927/73 1565/1928/73 1567/1929/73 1569/1930/73 1571/1931/73 1573/1932/73 1575/1933/73 1577/1934/73 1579/1935/73 1581/1936/73 1583/1937/73
f 1585/1808/40 1586/1809/40 1588/1810/40 1587/1811/40
f 1587/1811/86 1588/1810/86 1590/1812/86 1589/1813/86
f 1589/1813/87 1590/1812/87 1592/1814/87 1591/1815/87
f 1591/1815/43 1592/1814/43 1594/1816/43 1593/1817/43
f 1593/1817/74 1594/1816/74 1596/1818/74 1595/1819/74
f 1595/1819/45 1596/1818/45 1598/1820/45 1597/1821/45
f 1597/1821/75 1598/1820/75 1600/1822/75 1599/1823/75
f 1599/1823/76 1600/1822/76 1602/1824/76 1601/1825/76
f 1601/1825/77 1602/1824/77 1604/1826/77 1603/1827/77
f 1603/1827/78 1604/1826/78 1606/1828/78 1605/1829/78
f 1605/1829/50 1606/1828/50 1608/1830/50 1607/1831/50
f 1607/1831/79 1608/1830/79 1610/1832/79 1609/1833/79
f 1609/1833/52 1610/1832/52 1612/1834/52 1611/1835/52
f 1611/1835/88 1612/1834/88 1614/1836/88 1613/1837/88
f 1613/1837/89 1614/1836/89 1616/1838/89 1615/1839/89
f 1615/1839/55 1616/1838/55 1618/1840/55 1617/1841/55
f 1617/1841/56 1618/1840/56 1620/1842/56 1619/1843/56
f 1619/1843/90 1620/1842/90 1622/1844/90 1621/1845/90
f 1621/1845/91 1622/1844/91 1624/1846/91 1623/1847/91
f 1623/1847/59 1624/1846/59 1626/1848/59 1625/1849/59
f 1625/1849/80 1626/1848/80 1628/1850/80 1627/1851/80
f 1627/1851/61 1628/1850/61 1630/1852/61 1629/1853/61
f 1629/1853/81 1630/1852/81 1632/1854/81 1631/1855/81
f 1631/1855/82 1632/1854/82 1634/1856/82 1633/1857/82
f 1633/1857/83 1634/1856/83 1636/1858/83 1635/1859/83
f 1635/1859/84 1636/1858/84 1638/1860/84 1637/1861/84
f 1637/1861/66 1638/1860/66 1640/1862/66 1639/1863/66
f 1639/1863/85 1640/1862/85 1642/1864/85 1641/1865/85
f 1641/1865/68 1642/1864/68 1644/1866/68 1643/1867/68
f 1643/1867/92 1644/1866/92 1646/1868/92 1645/1869/92
f 1588/1870/70 1586/1871/70 1648/1872/70 1646/1873/70 1644/1874/70 1642/1875/70 1640/1876/70 1638/1877/70 1636/1878/70 1634/1879/70 1632/1880/70 1630/1881/70 1628/1882/70 1626/1883/70 1624/1884/70 1622/1885/70 1620/1886/70 1618/1887/70 1616/1888/70 1614/1889/70 1612/1890/70 1610/1891/70 1608/1892/70 1606/1893/70 1604/1894/70 1602/1895/70 1600/1896/70 1598/1897/70 1596/1898/70 1594/1899/70 1592/1900/70 1590/1901/70
f 1645/1869/93 1646/1868/93 1648/1902/93 1647/1903/93
f 1647/1903/72 1648/1902/72 1586/1904/72 1585/1905/72
f 1585/1906/73 1587/1907/73 1589/1908/73 1591/1909/73 1593/1910/73 1595/1911/73 1597/1912/73 1599/1913/73 1601/1914/73 1603/1915/73 1605/1916/73 1607/1917/73 1609/1918/73 1611/1919/73 1613/1920/73 1615/1921/73 1617/1922/73 1619/1923/73 1621/1924/73 1623/1925/73 1625/1926/73 1627/1927/73 1629/1928/73 1631/1929/73 1633/1930/73 1635/1931/73 1637/1932/73 1639/1933/73 1641/1934/73 1643/1935/73 1645/1936/73 1647/1937/73
f 1649/1808/40 1650/1809/40 1652/1810/40 1651/1811/40
f 1651/1811/86 1652/1810/86 1654/1812/86 1653/1813/86
f 1653/1813/87 1654/1812/87 1656/1814/87 1655/1815/87
f 1655/1815/43 1656/1814/43 1658/1816/43 1657/1817/43
f 1657/1817/74 1658/1816/74 1660/1818/74 1659/1819/74
f 1659/1819/45 1660/1818/45 1662/1820/45 1661/1821/45
f 1661/1821/75 1662/1820/75 1664/1822/75 1663/1823/75
f 1663/1823/76 1664/1822/76 1666/1824/76 1665/1825/76
f 1665/1825/77 1666/1824/77 1668/1826/77 1667/1827/77
f 1667/1827/78 1668/1826/78 1670/1828/78 1669/1829/78
f 1669/1829/50 1670/1828/50 1672/1830/50 1671/1831/50
f 1671/1831/79 1672/1830/79 1674/1832/79 1673/1833/79
f 1673/1833/52 1674/1832/52 1676/1834/52 1675/1835/52
f 1675/1835/88 1676/1834/88 1678/1836/88 1677/1837/88
f 1677/1837/89 1678/1836/89 1680/1838/89 1679/1839/89
f 1679/1839/55 1680/1838/55 1682/1840/55 1681/1841/55
f 1681/1841/56 1682/1840/56 1684/1842/56 1683/1843/56
f 1683/1843/90 1684/1842/90 1686/1844/90 1685/1845/90
f 1685/1845/91 1686/1844/91 1688/1846/91 1687/1847/91
f 1687/1847/59 1688/1846/59 1690/1848/59 1689/1849/59
f 1689/1849/80 1690/1848/80 1692/1850/80 1691/1851/80
f 1691/1851/61 1692/1850/61 1694/1852/61 1693/1853/61
f 1693/1853/81 1694/1852/81 1696/1854/81 1695/1855/81
f 1695/1855/82 1696/1854/82 1698/1856/82 1697/1857/82
f 1697/1857/83 1698/1856/83 1700/1858/83 1699/1859/83
f 1699/1859/84 1700/1858/84 1702/1860/84 1701/1861/84
f 1701/1861/66 1702/1860/66 1704/1862/66 1703/1863/66
f 1703/1863/85 1704/1862/85 1706/1864/85 1705/1865/85
f 1705/1865/68 1706/1864/68 1708/1866/68 1707/1867/68
f 1707/1867/92 1708/1866/92 1710/1868/92 1709/1869/92
f 1652/1870/70 1650/1871/70 1712/1872/70 1710/1873/70 1708/1874/70 1706/1875/70 1704/1876/70 1702/1877/70 1700/1878/70 1698/1879/70 1696/1880/70 1694/1881/70 1692/1882/70 1690/1883/70 1688/1884/70 1686/1885/70 1684/1886/70 1682/1887/70 1680/1888/70 1678/1889/70 1676/1890/70 1674/1891/70 1672/1892/70 1670/1893/70 1668/1894/70 1666/1895/70 1664/1896/70 1662/1897/70 1660/1898/70 1658/1899/70 1656/1900/70 1654/1901/70
f 1709/1869/93 1710/1868/93 1712/1902/93 1711/1903/93
f 1711/1903/72 1712/1902/72 1650/1904/72 1649/1905/72
f 1649/1906/73 1651/1907/73 1653/1908/73 1655/1909/73 1657/1910/73 1659/1911/73 1661/1912/73 1663/1913/73 1665/1914/73 1667/1915/73 1669/1916/73 1671/1917/73 1673/1918/73 1675/1919/73 1677/1920/73 1679/1921/73 1681/1922/73 1683/1923/73 1685/1924/73 1687/1925/73 1689/1926/73 1691/1927/73 1693/1928/73 1695/1929/73 1697/1930/73 1699/1931/73 1701/1932/73 1703/1933/73 1705/1934/73 1707/1935/73 1709/1936/73 1711/1937/73
f 1713/1808/40 1714/1809/40 1716/1810/40 1715/1811/40
f 1715/1811/86 1716/1810/86 1718/1812/86 1717/1813/86
f 1717/1813/87 1718/1812/87 1720/1814/87 1719/1815/87
f 1719/1815/43 1720/1814/43 1722/1816/43 1721/1817/43
f 1721/1817/74 1722/1816/74 1724/1818/74 1723/1819/74
f 1723/1819/45 1724/1818/45 1726/1820/45 1725/1821/45
f 1725/1821/75 1726/1820/75 1728/1822/75 1727/1823/75
f 1727/1823/76 1728/1822/76 1730/1824/76 1729/1825/76
f 1729/1825/77 1730/1824/77 1732/1826/77 1731/1827/77
f 1731/1827/78 1732/1826/78 1734/1828/78 1733/1829/78
f 1733/1829/50 1734/1828/50 1736/1830/50 1735/1831/50
f 1735/1831/79 1736/1830/79 1738/1832/79 1737/1833/79
f 1737/1833/52 1738/1832/52 1740/1834/52 1739/1835/52
f 1739/1835/88 1740/1834/88 1742/1836/88 1741/1837/88
f 1741/1837/89 1742/1836/89 1744/1838/89 1743/1839/89
f 1743/1839/55 1744/1838/55 1746/1840/55 1745/1841/55
f 1745/1841/56 1746/1840/56 1748/1842/56 1747/1843/56
f 1747/1843/90 1748/1842/90 1750/1844/90 1749/1845/90
f 1749/1845/91 1750/1844/91 1752/1846/91 1751/1847/91
f 1751/1847/59 1752/1846/59 1754/1848/59 1753/1849/59
f 1753/1849/80 1754/1848/80 1756/1850/80 1755/1851/80
f 1755/1851/61 1756/1850/61 1758/1852/61 1757/1853/61
f 1757/1853/81 1758/1852/81 1760/1854/81 1759/1855/81
f 1759/1855/82 1760/1854/82 1762/1856/82 1761/1857/82
f 1761/1857/83 1762/1856/83 1764/1858/83 1763/1859/83
f 1763/1859/84 1764/1858/84 1766/1860/84 1765/1861/84
f 1765/1861/66 1766/1860/66 1768/1862/66 1767/1863/66
f 1767/1863/85 1768/1862/85 1770/1864/85 1769/1865/85
f 1769/1865/68 1770/1864/68 1772/1866/68 1771/1867/68
f 1771/1867/92 1772/1866/92 1774/1868/92 1773/1869/92
f 1716/1870/70 1714/1871/70 1776/1872/70 1774/1873/70 1772/1874/70 1770/1875/70 1768/1876/70 1766/1877/70 1764/1878/70 1762/1879/70 1760/1880/70 1758/1881/70 1756/1882/70 1754/1883/70 1752/1884/70 1750/1885/70 1748/1886/70 1746/1887/70 1744/1888/70 1742/1889/70 1740/1890/70 1738/1891/70 1736/1892/70 1734/1893/70 1732/1894/70 1730/1895/70 1728/1896/70 1726/1897/70 1724/1898/70 1722/1899/70 1720/1900/70 1718/1901/70
f 1773/1869/93 1774/1868/93 1776/1902/93 1775/1903/93
f 1775/1903/72 1776/1902/72 1714/1904/72 1713/1905/72
f 1713/1906/73 1715/1907/73 1717/1908/73 1719/1909/73 1721/1910/73 1723/1911/73 1725/1912/73 1727/1913/73 1729/1914/73 1731/1915/73 1733/1916/73 1735/1917/73 1737/1918/73 1739/1919/73 1741/1920/73 1743/1921/73 1745/1922/73 1747/1923/73 1749/1924/73 1751/1925/73 1753/1926/73 1755/1927/73 1757/1928/73 1759/1929/73 1761/1930/73 1763/1931/73 1765/1932/73 1767/1933/73 1769/1934/73 1771/1935/73 1773/1936/73 1775/1937/73
o Cylinder.054
v -13.625643 24.611382 7.779139
v 14.243319 24.611382 7.779141
v -13.625643 24.610603 7.771245
v 14.243319 24.610603 7.771247
v -13.625643 24.608301 7.763654
v 14.243319 24.608301 7.763656
v -13.625643 24.604563 7.756658
v 14.243319 24.604563 7.756660
v -13.625643 24.599529 7.750526
v 14.243319 24.599529 7.750528
v -13.625643 24.593397 7.745494
v 14.243319 24.593397 7.745496
v -13.625643 24.586403 7.741755
v 14.243319 24.586403 7.741756
v -13.625643 24.578812 7.739452
v 14.243319 24.578812 7.739454
v -13.625643 24.570917 7.738674
v 14.243319 24.570917 7.738677
v -13.625643 24.563023 7.739452
v 14.243319 24.563023 7.739454
v -13.625643 24.555431 7.741755
v 14.243319 24.555431 7.741756
v -13.625643 24.548437 7.745494
v 14.243319 24.548437 7.745496
v -13.625643 24.542305 7.750526
v 14.243319 24.542305 7.750528
v -13.625643 24.537271 7.756658
v 14.243319 24.537271 7.756660
v -13.625643 24.533533 7.763654
v 14.243319 24.533533 7.763656
v -13.625643 24.531231 7.771245
v 14.243319 24.531231 7.771247
v -13.625643 24.530453 7.779139
v 14.243319 24.530453 7.779141
v -13.625643 24.531231 7.787033
v 14.243319 24.531231 7.787035
v -13.625643 24.533533 7.794624
v 14.243319 24.533533 7.794626
v -13.625643 24.537271 7.801620
v 14.243319 24.537271 7.801622
v -13.625643 24.542305 7.807752
v 14.243319 24.542305 7.807754
v -13.625643 24.548437 7.812784
v 14.243319 24.548437 7.812786
v -13.625643 24.555431 7.816524
v 14.243319 24.555431 7.816525
v -13.625643 24.563023 7.818826
v 14.243319 24.563023 7.818828
v -13.625643 24.570917 7.819603
v 14.243319 24.570917 7.819606
v -13.625643 24.578812 7.818826
v 14.243319 24.578812 7.818828
v -13.625643 24.586403 7.816524
v 14.243319 24.586403 7.816525
v -13.625643 24.593397 7.812784
v 14.243319 24.593397 7.812786
v -13.625643 24.599529 7.807752
v 14.243319 24.599529 7.807754
v -13.625643 24.604563 7.801620
v 14.243319 24.604563 7.801622
v -13.625643 24.608301 7.794624
v 14.243319 24.608301 7.794626
v -13.625643 24.610603 7.787033
v 14.243319 24.610603 7.787035
v -13.625643 24.611382 6.977940
v 14.243319 24.611382 6.977942
v -13.625643 24.610603 6.970046
v 14.243319 24.610603 6.970048
v -13.625643 24.608301 6.962455
v 14.243319 24.608301 6.962457
v -13.625643 24.604563 6.955459
v 14.243319 24.604563 6.955461
v -13.625643 24.599529 6.949327
v 14.243319 24.599529 6.949329
v -13.625643 24.593397 6.944295
v 14.243319 24.593397 6.944297
v -13.625643 24.586403 6.940556
v 14.243319 24.586403 6.940557
v -13.625643 24.578812 6.938253
v 14.243319 24.578812 6.938255
v -13.625643 24.570917 6.937475
v 14.243319 24.570917 6.937478
v -13.625643 24.563023 6.938253
v 14.243319 24.563023 6.938255
v -13.625643 24.555431 6.940556
v 14.243319 24.555431 6.940557
v -13.625643 24.548437 6.944295
v 14.243319 24.548437 6.944297
v -13.625643 24.542305 6.949327
v 14.243319 24.542305 6.949329
v -13.625643 24.537271 6.955459
v 14.243319 24.537271 6.955461
v -13.625643 24.533533 6.962455
v 14.243319 24.533533 6.962457
v -13.625643 24.531231 6.970046
v 14.243319 24.531231 6.970048
v -13.625643 24.530453 6.977940
v 14.243319 24.530453 6.977942
v -13.625643 24.531231 6.985834
v 14.243319 24.531231 6.985837
v -13.625643 24.533533 6.993425
v 14.243319 24.533533 6.993427
v -13.625643 24.537271 7.000421
v 14.243319 24.537271 7.000423
v -13.625643 24.542305 7.006553
v 14.243319 24.542305 7.006555
v -13.625643 24.548437 7.011585
v 14.243319 24.548437 7.011587
v -13.625643 24.555431 7.015325
v 14.243319 24.555431 7.015326
v -13.625643 24.563023 7.017627
v 14.243319 24.563023 7.017629
v -13.625643 24.570917 7.018404
v 14.243319 24.570917 7.018407
v -13.625643 24.578812 7.017627
v 14.243319 24.578812 7.017629
v -13.625643 24.586403 7.015325
v 14.243319 24.586403 7.015326
v -13.625643 24.593397 7.011585
v 14.243319 24.593397 7.011587
v -13.625643 24.599529 7.006553
v 14.243319 24.599529 7.006555
v -13.625643 24.604563 7.000421
v 14.243319 24.604563 7.000423
v -13.625643 24.608301 6.993425
v 14.243319 24.608301 6.993427
v -13.625643 24.610603 6.985834
v 14.243319 24.610603 6.985837
vn -0.0000 0.9952 -0.0980
vn -0.0000 0.9569 -0.2903
vn -0.0000 0.8819 -0.4714
vn -0.0000 0.7730 -0.6344
vn -0.0000 0.6344 -0.7730
vn -0.0000 0.4714 -0.8819
vn -0.0000 0.2903 -0.9569
vn -0.0000 0.0980 -0.9952
vn -0.0000 -0.0980 -0.9952
vn -0.0000 -0.2903 -0.9569
vn -0.0000 -0.4714 -0.8819
vn -0.0000 -0.6344 -0.7730
vn -0.0000 -0.7730 -0.6344
vn -0.0000 -0.8819 -0.4714
vn -0.0000 -0.9569 -0.2903
vn -0.0000 -0.9952 -0.0980
vn -0.0000 -0.9952 0.0980
vn -0.0000 -0.9569 0.2903
vn -0.0000 -0.8819 0.4714
vn -0.0000 -0.7730 0.6344
vn -0.0000 -0.6344 0.7730
vn -0.0000 -0.4714 0.8819
vn -0.0000 -0.2903 0.9569
vn -0.0000 -0.0980 0.9952
vn -0.0000 0.0980 0.9952
vn -0.0000 0.2903 0.9569
vn -0.0000 0.4714 0.8819
vn -0.0000 0.6344 0.7730
vn -0.0000 0.7730 0.6344
vn -0.0000 0.8819 0.4714
vn 1.0000 -0.0000 -0.0000
vn -0.0000 0.9569 0.2903
vn -0.0000 0.9952 0.0980
vn -1.0000 -0.0000 -0.0000
vt 1.000000 0.500000
vt 1.000000 1.000000
vt 0.968750 1.000000
vt 0.968750 0.500000
vt 0.937500 1.000000
vt 0.937500 0.500000
vt 0.906250 1.000000
vt 0.906250 0.500000
vt 0.875000 1.000000
vt 0.875000 0.500000
vt 0.843750 1.000000
vt 0.843750 0.500000
vt 0.812500 1.000000
vt 0.812500 0.500000
vt 0.781250 1.000000
vt 0.781250 0.500000
vt 0.750000 1.000000
vt 0.750000 0.500000
vt 0.718750 1.000000
vt 0.718750 0.500000
vt 0.687500 1.000000
vt 0.687500 0.500000
vt 0.656250 1.000000
vt 0.656250 0.500000
vt 0.625000 1.000000
vt 0.625000 0.500000
vt 0.593750 1.000000
vt 0.593750 0.500000
vt 0.562500 1.000000
vt 0.562500 0.500000
vt 0.531250 1.000000
vt 0.531250 0.500000
vt 0.500000 1.000000
vt 0.500000 0.500000
vt 0.468750 1.000000
vt 0.468750 0.500000
vt 0.437500 1.000000
vt 0.437500 0.500000
vt 0.406250 1.000000
vt 0.406250 0.500000
vt 0.375000 1.000000
vt 0.375000 0.500000
vt 0.343750 1.000000
vt 0.343750 0.500000
vt 0.312500 1.000000
vt 0.312500 0.500000
vt 0.281250 1.000000
vt 0.281250 0.500000
vt 0.250000 1.000000
vt 0.250000 0.500000
vt 0.218750 1.000000
vt 0.218750 0.500000
vt 0.187500 1.000000
vt 0.187500 0.500000
vt 0.156250 1.000000
vt 0.156250 0.500000
vt 0.125000 1.000000
vt 0.125000 0.500000
vt 0.093750 1.000000
vt 0.093750 0.500000
vt 0.062500 1.000000
vt 0.062500 0.500000
vt 0.296822 0.485388
vt 0.250000 0.490000
vt 0.203178 0.485388
vt 0.158156 0.471731
vt 0.116663 0.449553
vt 0.080294 0.419706
vt 0.050447 0.383337
vt 0.028269 0.341844
vt 0.014612 0.296822
vt 0.010000 0.250000
vt 0.014612 0.203178
vt 0.028269 0.158156
vt 0.050447 0.116663
vt 0.080294 0.080294
vt 0.116663 0.050447
vt 0.158156 0.028269
vt 0.203178 0.014612
vt 0.250000 0.010000
vt 0.296822 0.014612
vt 0.341844 0.028269
vt 0.383337 0.050447
vt 0.419706 0.080294
vt 0.449553 0.116663
vt 0.471731 0.158156
vt 0.485388 0.203178
vt 0.490000 0.250000
vt 0.485388 0.296822
vt 0.471731 0.341844
vt 0.449553 0.383337
vt 0.419706 0.419706
vt 0.383337 0.449553
vt 0.341844 0.471731
vt 0.031250 1.000000
vt 0.031250 0.500000
vt 0.000000 1.000000
vt 0.000000 0.500000
vt 0.750000 0.490000
vt 0.796822 0.485388
vt 0.841844 0.471731
vt 0.883337 0.449553
vt 0.919706 0.419706
vt 0.949553 0.383337
vt 0.971731 0.341844
vt 0.985388 0.296822
vt 0.990000 0.250000
vt 0.985388 0.203178
vt 0.971731 0.158156
vt 0.949553 0.116663
vt 0.919706 0.080294
vt 0.883337 0.050447
vt 0.841844 0.028269
vt 0.796822 0.014612
vt 0.750000 0.010000
vt 0.703178 0.014612
vt 0.658156 0.028269
vt 0.616663 0.050447
vt 0.580294 0.080294
vt 0.550447 0.116663
vt 0.528269 0.158156
vt 0.514612 0.203178
vt 0.510000 0.250000
vt 0.514612 0.296822
vt 0.528269 0.341844
vt 0.550447 0.383337
vt 0.580294 0.419706
vt 0.616663 0.449553
vt 0.658156 0.471731
vt 0.703178 0.485388
s 0
f 1777/1938/94 1778/1939/94 1780/1940/94 1779/1941/94
f 1779/1941/95 1780/1940/95 1782/1942/95 1781/1943/95
f 1781/1943/96 1782/1942/96 1784/1944/96 1783/1945/96
f 1783/1945/97 1784/1944/97 1786/1946/97 1785/1947/97
f 1785/1947/98 1786/1946/98 1788/1948/98 1787/1949/98
f 1787/1949/99 1788/1948/99 1790/1950/99 1789/1951/99
f 1789/1951/100 1790/1950/100 1792/1952/100 1791/1953/100
f 1791/1953/101 1792/1952/101 1794/1954/101 1793/1955/101
f 1793/1955/102 1794/1954/102 1796/1956/102 1795/1957/102
f 1795/1957/103 1796/1956/103 1798/1958/103 1797/1959/103
f 1797/1959/104 1798/1958/104 1800/1960/104 1799/1961/104
f 1799/1961/105 1800/1960/105 1802/1962/105 1801/1963/105
f 1801/1963/106 1802/1962/106 1804/1964/106 1803/1965/106
f 1803/1965/107 1804/1964/107 1806/1966/107 1805/1967/107
f 1805/1967/108 1806/1966/108 1808/1968/108 1807/1969/108
f 1807/1969/109 1808/1968/109 1810/1970/109 1809/1971/109
f 1809/1971/110 1810/1970/110 1812/1972/110 1811/1973/110
f 1811/1973/111 1812/1972/111 1814/1974/111 1813/1975/111
f 1813/1975/112 1814/1974/112 1816/1976/112 1815/1977/112
f 1815/1977/113 1816/1976/113 1818/1978/113 1817/1979/113
f 1817/1979/114 1818/1978/114 1820/1980/114 1819/1981/114
f 1819/1981/115 1820/1980/115 1822/1982/115 1821/1983/115
f 1821/1983/116 1822/1982/116 1824/1984/116 1823/1985/116
f 1823/1985/117 1824/1984/117 1826/1986/117 1825/1987/117
f 1825/1987/118 1826/1986/118 1828/1988/118 1827/1989/118
f 1827/1989/119 1828/1988/119 1830/1990/119 1829/1991/119
f 1829/1991/120 1830/1990/120 1832/1992/120 1831/1993/120
f 1831/1993/121 1832/1992/121 1834/1994/121 1833/1995/121
f 1833/1995/122 1834/1994/122 1836/1996/122 1835/1997/122
f 1835/1997/123 1836/1996/123 1838/1998/123 1837/1999/123
f 1780/2000/124 1778/2001/124 1840/2002/124 1838/2003/124 1836/2004/124 1834/2005/124 1832/2006/124 1830/2007/124 1828/2008/124 1826/2009/124 1824/2010/124 1822/2011/124 1820/2012/124 1818/2013/124 1816/2014/124 1814/2015/124 1812/2016/124 1810/2017/124 1808/2018/124 1806/2019/124 1804/2020/124 1802/2021/124 1800/2022/124 1798/2023/124 1796/2024/124 1794/2025/124 1792/2026/124 1790/2027/124 1788/2028/124 1786/2029/124 1784/2030/124 1782/2031/124
f 1837/1999/125 1838/1998/125 1840/2032/125 1839/2033/125
f 1839/2033/126 1840/2032/126 1778/2034/126 1777/2035/126
f 1777/2036/127 1779/2037/127 1781/2038/127 1783/2039/127 1785/2040/127 1787/2041/127 1789/2042/127 1791/2043/127 1793/2044/127 1795/2045/127 1797/2046/127 1799/2047/127 1801/2048/127 1803/2049/127 1805/2050/127 1807/2051/127 1809/2052/127 1811/2053/127 1813/2054/127 1815/2055/127 1817/2056/127 1819/2057/127 1821/2058/127 1823/2059/127 1825/2060/127 1827/2061/127 1829/2062/127 1831/2063/127 1833/2064/127 1835/2065/127 1837/2066/127 1839/2067/127
f 1841/1938/94 1842/1939/94 1844/1940/94 1843/1941/94
f 1843/1941/95 1844/1940/95 1846/1942/95 1845/1943/95
f 1845/1943/96 1846/1942/96 1848/1944/96 1847/1945/96
f 1847/1945/97 1848/1944/97 1850/1946/97 1849/1947/97
f 1849/1947/98 1850/1946/98 1852/1948/98 1851/1949/98
f 1851/1949/99 1852/1948/99 1854/1950/99 1853/1951/99
f 1853/1951/100 1854/1950/100 1856/1952/100 1855/1953/100
f 1855/1953/101 1856/1952/101 1858/1954/101 1857/1955/101
f 1857/1955/102 1858/1954/102 1860/1956/102 1859/1957/102
f 1859/1957/103 1860/1956/103 1862/1958/103 1861/1959/103
f 1861/1959/104 1862/1958/104 1864/1960/104 1863/1961/104
f 1863/1961/105 1864/1960/105 1866/1962/105 1865/1963/105
f 1865/1963/106 1866/1962/106 1868/1964/106 1867/1965/106
f 1867/1965/107 1868/1964/107 1870/1966/107 1869/1967/107
f 1869/1967/108 1870/1966/108 1872/1968/108 1871/1969/108
f 1871/1969/109 1872/1968/109 1874/1970/109 1873/1971/109
f 1873/1971/110 1874/1970/110 1876/1972/110 1875/1973/110
f 1875/1973/111 1876/1972/111 1878/1974/111 1877/1975/111
f 1877/1975/112 1878/1974/112 1880/1976/112 1879/1977/112
f 1879/1977/113 1880/1976/113 1882/1978/113 1881/1979/113
f 1881/1979/114 1882/1978/114 1884/1980/114 1883/1981/114
f 1883/1981/115 1884/1980/115 1886/1982/115 1885/1983/115
f 1885/1983/116 1886/1982/116 1888/1984/116 1887/1985/116
f 1887/1985/117 1888/1984/117 1890/1986/117 1889/1987/117
f 1889/1987/118 1890/1986/118 1892/1988/118 1891/1989/118
f 1891/1989/119 1892/1988/119 1894/1990/119 1893/1991/119
f 1893/1991/120 1894/1990/120 1896/1992/120 1895/1993/120
f 1895/1993/121 1896/1992/121 1898/1994/121 1897/1995/121
f 1897/1995/122 1898/1994/122 1900/1996/122 1899/1997/122
f 1899/1997/123 1900/1996/123 1902/1998/123 1901/1999/123
f 1844/2000/124 1842/2001/124 1904/2002/124 1902/2003/124 1900/2004/124 1898/2005/124 1896/2006/124 1894/2007/124 1892/2008/124 1890/2009/124 1888/2010/124 1886/2011/124 1884/2012/124 1882/2013/124 1880/2014/124 1878/2015/124 1876/2016/124 1874/2017/124 1872/2018/124 1870/2019/124 1868/2020/124 1866/2021/124 1864/2022/124 1862/2023/124 1860/2024/124 1858/2025/124 1856/2026/124 1854/2027/124 1852/2028/124 1850/2029/124 1848/2030/124 1846/2031/124
f 1901/1999/125 1902/1998/125 1904/2032/125 1903/2033/125
f 1903/2033/126 1904/2032/126 1842/2034/126 1841/2035/126
f 1841/2036/127 1843/2037/127 1845/2038/127 1847/2039/127 1849/2040/127 1851/2041/127 1853/2042/127 1855/2043/127 1857/2044/127 1859/2045/127 1861/2046/127 1863/2047/127 1865/2048/127 1867/2049/127 1869/2050/127 1871/2051/127 1873/2052/127 1875/2053/127 1877/2054/127 1879/2055/127 1881/2056/127 1883/2057/127 1885/2058/127 1887/2059/127 1889/2060/127 1891/2061/127 1893/2062/127 1895/2063/127 1897/2064/127 1899/2065/127 1901/2066/127 1903/2067/127
o Cube.022
v -10.466045 0.296949 8.691410
v -10.555714 0.207280 9.598568
v -10.466045 0.910331 8.691410
v -10.555714 1.000000 9.598568
v 12.590410 0.296949 8.691410
v 12.680079 0.207280 9.598568
v 12.590410 0.910331 8.691410
v 12.680079 1.000000 9.598568
v -10.555714 1.000000 8.691410
v -10.555714 0.207280 8.691410
v 12.680079 1.000000 8.691410
v 12.680079 0.207280 8.691410
v -10.466045 0.910331 8.910221
v -10.466045 0.296949 8.910221
v 12.590410 0.910331 8.910221
v 12.590410 0.296949 8.910221
v 10.098325 1.000000 8.691410
v 7.516570 1.000000 8.691410
v 4.934814 1.000000 8.691410
v 2.353060 1.000000 8.691410
v -0.228695 1.000000 8.691410
v -2.810450 1.000000 8.691410
v -5.392204 1.000000 8.691410
v -7.973961 1.000000 8.691410
v -7.973961 1.000000 9.598568
v -5.392204 1.000000 9.598568
v -2.810450 1.000000 9.598568
v -0.228695 1.000000 9.598568
v 2.353060 1.000000 9.598568
v 4.934814 1.000000 9.598568
v 7.516570 1.000000 9.598568
v 10.098325 1.000000 9.598568
v -7.973961 0.207280 8.691410
v -5.392204 0.207280 8.691410
v -2.810450 0.207280 8.691410
v -0.228695 0.207280 8.691410
v 2.353060 0.207280 8.691410
v 4.934814 0.207280 8.691410
v 7.516570 0.207280 8.691410
v 10.098325 0.207280 8.691410
v 10.098325 0.207280 9.598568
v 7.516570 0.207280 9.598568
v 4.934814 0.207280 9.598568
v 2.353060 0.207280 9.598568
v -0.228695 0.207280 9.598568
v -2.810450 0.207280 9.598568
v -5.392204 0.207280 9.598568
v -7.973961 0.207280 9.598568
v 10.028582 0.910331 8.691410
v 7.466753 0.910331 8.691410
v 4.904924 0.910331 8.691410
v 2.343096 0.910331 8.691410
v -0.218733 0.910331 8.691410
v -2.780560 0.910331 8.691410
v -5.342388 0.910331 8.691410
v -7.904217 0.910331 8.691410
v -7.904217 0.296949 8.691410
v -5.342388 0.296949 8.691410
v -2.780560 0.296949 8.691410
v -0.218731 0.296949 8.691410
v 2.343098 0.296949 8.691410
v 4.904925 0.296949 8.691410
v 7.466754 0.296949 8.691410
v 10.028582 0.296949 8.691410
v 10.028582 0.910331 8.910221
v 7.466753 0.910331 8.910221
v 4.904924 0.910331 8.910221
v 2.343096 0.910331 8.910221
v -0.218733 0.910331 8.910221
v -2.780560 0.910331 8.910221
v -5.342388 0.910331 8.910221
v -7.904217 0.910331 8.910221
v -7.904217 0.296949 8.910221
v -5.342388 0.296949 8.910221
v -2.780560 0.296949 8.910221
v -0.218731 0.296949 8.910221
v 2.343098 0.296949 8.910221
v 4.904925 0.296949 8.910221
v 7.466754 0.296949 8.910221
v 10.028582 0.296949 8.910221
v -10.185932 1.000000 8.691410
v -10.185932 0.207280 9.598568
v -10.099115 0.910331 8.691410
v -10.099115 0.910331 8.910221
v -10.185932 1.000000 9.598568
v -10.185932 0.207280 8.691410
v -10.099115 0.296949 8.691410
v -10.099115 0.296949 8.910221
v 12.524343 1.000000 9.598568
v 12.524343 0.207280 8.691410
v 12.435876 0.296949 8.691410
v 12.435876 0.296949 8.910221
v 12.524343 1.000000 8.691410
v 12.524343 0.207280 9.598568
v 12.435876 0.910331 8.691410
v 12.435876 0.910331 8.910221
v 12.400245 0.207280 8.815509
v 12.400245 0.207280 9.474469
v 10.222424 0.207280 9.474469
v 10.222424 0.207280 8.815509
v 9.974226 0.207280 8.815509
v 9.974226 0.207280 9.474469
v 7.640669 0.207280 9.474469
v 7.640669 0.207280 8.815509
v 7.392471 0.207280 8.815509
v 7.392471 0.207280 9.474469
v 5.058913 0.207280 9.474469
v 5.058913 0.207280 8.815509
v 4.810716 0.207280 8.815509
v 4.810716 0.207280 9.474469
v 2.477158 0.207280 9.474469
v 2.477158 0.207280 8.815509
v 2.228962 0.207280 8.815509
v 2.228962 0.207280 9.474469
v -0.104597 0.207280 9.474469
v -0.104597 0.207280 8.815509
v -0.352793 0.207280 8.815509
v -0.352793 0.207280 9.474469
v -2.686352 0.207280 9.474469
v -2.686352 0.207280 8.815509
v -2.934547 0.207280 8.815509
v -2.934547 0.207280 9.474469
v -5.268106 0.207280 9.474469
v -5.268106 0.207280 8.815509
v -5.516302 0.207280 8.815509
v -5.516302 0.207280 9.474469
v -7.849863 0.207280 9.474469
v -7.849863 0.207280 8.815509
v -10.061834 1.000000 8.815509
v -10.061834 1.000000 9.474469
v -8.098059 1.000000 9.474469
v -8.098059 1.000000 8.815509
v -7.849863 1.000000 8.815509
v -7.849863 1.000000 9.474469
v -5.516302 1.000000 9.474469
v -5.516302 1.000000 8.815509
v -5.268106 1.000000 8.815509
v -5.268106 1.000000 9.474469
v -2.934547 1.000000 9.474469
v -2.934547 1.000000 8.815509
v -2.686352 1.000000 8.815509
v -2.686352 1.000000 9.474469
v -0.352793 1.000000 9.474469
v -0.352793 1.000000 8.815509
v -0.104597 1.000000 8.815509
v -0.104597 1.000000 9.474469
v 2.228962 1.000000 9.474469
v 2.228962 1.000000 8.815509
v 2.477158 1.000000 8.815509
v 2.477158 1.000000 9.474469
v 4.810716 1.000000 9.474469
v 4.810716 1.000000 8.815509
v 5.058913 1.000000 8.815509
v 5.058913 1.000000 9.474469
v 7.392471 1.000000 9.474469
v 7.392471 1.000000 8.815509
v 7.640669 1.000000 8.815509
v 7.640669 1.000000 9.474469
v 9.974226 1.000000 9.474469
v 9.974226 1.000000 8.815509
v -8.098059 0.207280 8.815509
v -8.098059 0.207280 9.474469
v -10.061834 0.207280 9.474469
v -10.061834 0.207280 8.815509
v 10.222424 1.000000 8.815509
v 10.222424 1.000000 9.474469
v 12.400245 1.000000 9.474469
v 12.400245 1.000000 8.815509
v 12.400245 0.207280 9.474469
v 12.400245 0.207280 8.815509
v 10.222424 0.207280 8.815509
v 10.222424 0.207280 9.474469
v 9.974226 0.207280 9.474469
v 9.974226 0.207280 8.815509
v 7.640669 0.207280 8.815509
v 7.640669 0.207280 9.474469
v 7.392471 0.207280 9.474469
v 7.392471 0.207280 8.815509
v 5.058913 0.207280 8.815509
v 5.058913 0.207280 9.474469
v 4.810716 0.207280 9.474469
v 4.810716 0.207280 8.815509
v 2.477158 0.207280 8.815509
v 2.477158 0.207280 9.474469
v 2.228962 0.207280 9.474469
v 2.228962 0.207280 8.815509
v -0.104597 0.207280 8.815509
v -0.104597 0.207280 9.474469
v -0.352793 0.207280 9.474469
v -0.352793 0.207280 8.815509
v -2.686352 0.207280 8.815509
v -2.686352 0.207280 9.474469
v -2.934547 0.207280 9.474469
v -2.934547 0.207280 8.815509
v -5.268106 0.207280 8.815509
v -5.268106 0.207280 9.474469
v -5.516302 0.207280 9.474469
v -5.516302 0.207280 8.815509
v -7.849863 0.207280 8.815509
v -7.849863 0.207280 9.474469
v -10.061834 1.000000 9.474469
v -10.061834 1.000000 8.815509
v -8.098059 1.000000 8.815509
v -8.098059 1.000000 9.474469
v -7.849863 1.000000 9.474469
v -7.849863 1.000000 8.815509
v -5.516302 1.000000 8.815509
v -5.516302 1.000000 9.474469
v -5.268106 1.000000 9.474469
v -5.268106 1.000000 8.815509
v -2.934547 1.000000 8.815509
v -2.934547 1.000000 9.474469
v -2.686352 1.000000 9.474469
v -2.686352 1.000000 8.815509
v -0.352793 1.000000 8.815509
v -0.352793 1.000000 9.474469
v -0.104597 1.000000 9.474469
v -0.104597 1.000000 8.815509
v 2.228962 1.000000 8.815509
v 2.228962 1.000000 9.474469
v 2.477158 1.000000 9.474469
v 2.477158 1.000000 8.815509
v 4.810716 1.000000 8.815509
v 4.810716 1.000000 9.474469
v 5.058913 1.000000 9.474469
v 5.058913 1.000000 8.815509
v 7.392471 1.000000 8.815509
v 7.392471 1.000000 9.474469
v 7.640669 1.000000 9.474469
v 7.640669 1.000000 8.815509
v 9.974226 1.000000 8.815509
v 9.974226 1.000000 9.474469
v -8.098059 0.207280 9.474469
v -8.098059 0.207280 8.815509
v -10.061834 0.207280 8.815509
v -10.061834 0.207280 9.474469
v 10.222424 1.000000 9.474469
v 10.222424 1.000000 8.815509
v 12.400245 1.000000 8.815509
v 12.400245 1.000000 9.474469
v 12.400245 0.265620 9.474469
v 12.400245 0.265620 8.815509
v 10.222424 0.265620 8.815509
v 10.222424 0.265620 9.474469
v 9.974226 0.265620 9.474469
v 9.974226 0.265620 8.815509
v 7.640669 0.265620 8.815509
v 7.640669 0.265620 9.474469
v 7.392471 0.265620 9.474469
v 7.392471 0.265620 8.815509
v 5.058913 0.265620 8.815509
v 5.058913 0.265620 9.474469
v 4.810716 0.265620 9.474469
v 4.810716 0.265620 8.815509
v 2.477158 0.265620 8.815509
v 2.477158 0.265620 9.474469
v 2.228962 0.265620 9.474469
v 2.228962 0.265620 8.815509
v -0.104597 0.265620 8.815509
v -0.104597 0.265620 9.474469
v -0.352793 0.265620 9.474469
v -0.352793 0.265620 8.815509
v -2.686352 0.265620 8.815509
v -2.686352 0.265620 9.474469
v -2.934547 0.265620 9.474469
v -2.934547 0.265620 8.815509
v -5.268106 0.265620 8.815509
v -5.268106 0.265620 9.474469
v -5.516302 0.265620 9.474469
v -5.516302 0.265620 8.815509
v -7.849863 0.265620 8.815509
v -7.849863 0.265620 9.474469
v -10.061834 0.941660 9.474469
v -10.061834 0.941660 8.815509
v -8.098059 0.941660 8.815509
v -8.098059 0.941660 9.474469
v -7.849863 0.941660 9.474469
v -7.849863 0.941660 8.815509
v -5.516302 0.941660 8.815509
v -5.516302 0.941660 9.474469
v -5.268106 0.941660 9.474469
v -5.268106 0.941660 8.815509
v -2.934547 0.941660 8.815509
v -2.934547 0.941660 9.474469
v -2.686352 0.941660 9.474469
v -2.686352 0.941660 8.815509
v -0.352793 0.941660 8.815509
v -0.352793 0.941660 9.474469
v -0.104597 0.941660 9.474469
v -0.104597 0.941660 8.815509
v 2.228962 0.941660 8.815509
v 2.228962 0.941660 9.474469
v 2.477158 0.941660 9.474469
v 2.477158 0.941660 8.815509
v 4.810716 0.941660 8.815509
v 4.810716 0.941660 9.474469
v 5.058913 0.941660 9.474469
v 5.058913 0.941660 8.815509
v 7.392471 0.941660 8.815509
v 7.392471 0.941660 9.474469
v 7.640669 0.941660 9.474469
v 7.640669 0.941660 8.815509
v 9.974226 0.941660 8.815509
v 9.974226 0.941660 9.474469
v -8.098059 0.265620 9.474469
v -8.098059 0.265620 8.815509
v -10.061834 0.265620 8.815509
v -10.061834 0.265620 9.474469
v 10.222424 0.941660 9.474469
v 10.222424 0.941660 8.815509
v 12.400245 0.941660 8.815509
v 12.400245 0.941660 9.474469
vn -1.0000 -0.0000 -0.0000
vn -0.0000 1.0000 -0.0000
vn 1.0000 -0.0000 -0.0000
vn -0.0000 -1.0000 -0.0000
vn -0.0000 -0.0000 1.0000
vn -0.0000 -0.0000 -1.0000
vt 0.375000 0.000000
vt 0.625000 0.000000
vt 0.625000 0.250000
vt 0.375000 0.250000
vt 0.375000 0.498324
vt 0.625000 0.498324
vt 0.625000 0.500000
vt 0.375000 0.500000
vt 0.625000 0.750000
vt 0.375000 0.750000
vt 0.375000 0.996021
vt 0.625000 0.996021
vt 0.625000 1.000000
vt 0.375000 1.000000
vt 0.374035 0.528279
vt 0.374035 0.721721
vt 0.871021 0.500000
vt 0.875000 0.500000
vt 0.875000 0.750000
vt 0.871021 0.750000
vt 0.125965 0.528279
vt 0.125965 0.721721
vt 0.125000 0.750000
vt 0.125000 0.500000
vt 0.129913 0.528279
vt 0.128979 0.500000
vt 0.372373 0.721721
vt 0.373324 0.750000
vt 0.372373 0.528279
vt 0.129913 0.721721
vt 0.372373 0.528279
vt 0.153528 0.528279
vt 0.129913 0.528279
vt 0.181092 0.528279
vt 0.208655 0.528279
vt 0.236218 0.528279
vt 0.263782 0.528279
vt 0.291345 0.528279
vt 0.318909 0.528279
vt 0.346472 0.528279
vt 0.346472 0.721721
vt 0.318908 0.721721
vt 0.291345 0.721721
vt 0.263782 0.721721
vt 0.236218 0.721721
vt 0.208655 0.721721
vt 0.181092 0.721721
vt 0.153528 0.721721
vt 0.152778 0.750000
vt 0.128979 0.750000
vt 0.180556 0.750000
vt 0.208333 0.750000
vt 0.236111 0.750000
vt 0.263889 0.750000
vt 0.291667 0.750000
vt 0.319444 0.750000
vt 0.347222 0.750000
vt 0.347222 0.500000
vt 0.373324 0.500000
vt 0.319444 0.500000
vt 0.291667 0.500000
vt 0.263889 0.500000
vt 0.236111 0.500000
vt 0.208333 0.500000
vt 0.180556 0.500000
vt 0.152778 0.500000
vt 0.626676 0.500000
vt 0.652778 0.500000
vt 0.652778 0.750000
vt 0.626676 0.750000
vt 0.680556 0.500000
vt 0.680556 0.750000
vt 0.708333 0.500000
vt 0.708333 0.750000
vt 0.736111 0.500000
vt 0.736111 0.750000
vt 0.763889 0.500000
vt 0.763889 0.750000
vt 0.791667 0.500000
vt 0.791667 0.750000
vt 0.819444 0.500000
vt 0.819444 0.750000
vt 0.847222 0.500000
vt 0.847222 0.750000
vt 0.590800 0.943109
vt 0.409200 0.943109
vt 0.409200 0.994686
vt 0.409200 0.973557
vt 0.409200 0.834669
vt 0.590800 0.834669
vt 0.590800 0.918002
vt 0.590800 0.973557
vt 0.409200 0.918002
vt 0.590800 0.304220
vt 0.409200 0.304220
vt 0.590800 0.279113
vt 0.409200 0.279113
vt 0.590800 0.387554
vt 0.409200 0.387554
vt 0.590800 0.362446
vt 0.590800 0.831998
vt 0.409200 0.831998
vt 0.409200 0.362446
vt 0.590800 0.470887
vt 0.409200 0.470887
vt 0.625000 0.253979
vt 0.375000 0.253979
vt 0.590800 0.806891
vt 0.625000 0.751676
vt 0.375000 0.751676
vt 0.590800 0.753011
vt 0.409200 0.753011
vt 0.625000 0.777778
vt 0.590800 0.776443
vt 0.375000 0.777778
vt 0.409200 0.776443
vt 0.590800 0.779113
vt 0.409200 0.779113
vt 0.625000 0.805556
vt 0.590800 0.804220
vt 0.375000 0.805556
vt 0.409200 0.804220
vt 0.409200 0.806891
vt 0.625000 0.833333
vt 0.375000 0.833333
vt 0.625000 0.861111
vt 0.590800 0.859776
vt 0.375000 0.861111
vt 0.409200 0.859776
vt 0.590800 0.862446
vt 0.409200 0.862446
vt 0.625000 0.888889
vt 0.590800 0.887554
vt 0.375000 0.888889
vt 0.409200 0.887554
vt 0.590800 0.890224
vt 0.409200 0.890224
vt 0.625000 0.916667
vt 0.590800 0.915332
vt 0.375000 0.916667
vt 0.409200 0.915331
vt 0.625000 0.944444
vt 0.375000 0.944444
vt 0.590800 0.945780
vt 0.409200 0.945780
vt 0.625000 0.972222
vt 0.590800 0.970887
vt 0.375000 0.972222
vt 0.409200 0.970887
vt 0.590800 0.255314
vt 0.409200 0.255314
vt 0.625000 0.277778
vt 0.590800 0.276443
vt 0.375000 0.277778
vt 0.409200 0.276443
vt 0.625000 0.305556
vt 0.375000 0.305556
vt 0.590800 0.306891
vt 0.409200 0.306891
vt 0.625000 0.333333
vt 0.590800 0.331998
vt 0.375000 0.333333
vt 0.409200 0.331998
vt 0.590800 0.334669
vt 0.409200 0.334669
vt 0.625000 0.361111
vt 0.590800 0.359776
vt 0.375000 0.361111
vt 0.409200 0.359776
vt 0.625000 0.388889
vt 0.375000 0.388889
vt 0.590800 0.390224
vt 0.409200 0.390224
vt 0.625000 0.416667
vt 0.590800 0.415331
vt 0.375000 0.416667
vt 0.409200 0.415332
vt 0.590800 0.418002
vt 0.409200 0.418002
vt 0.625000 0.444444
vt 0.590800 0.443109
vt 0.375000 0.444444
vt 0.409200 0.443109
vt 0.590800 0.445780
vt 0.409200 0.445780
vt 0.625000 0.472222
vt 0.375000 0.472222
vt 0.590800 0.994686
vt 0.590800 0.473557
vt 0.409200 0.473557
vt 0.590800 0.496989
vt 0.409200 0.496989
s 0
usemtl Material.012
f 1914/2068/128 1906/2069/128 1908/2070/128 1913/2071/128
f 1997/2072/129 1993/2073/129 1912/2074/129 1915/2075/129
f 1915/2075/130 1912/2074/130 1910/2076/130 1916/2077/130
f 1990/2078/131 1986/2079/131 1906/2080/131 1914/2081/131
f 1911/2082/128 1909/2083/128 1920/2083/128 1919/2082/128
f 1989/2084/132 1908/2085/132 1906/2086/132 1986/2087/132
f 1907/2088/133 1905/2089/133 1914/2090/133 1913/2091/133
f 1987/2092/133 1907/2088/133 1913/2091/133 1985/2093/133
f 1909/2083/133 1911/2082/133 1915/2075/133 1916/2077/133
f 1995/2094/133 1909/2083/133 1916/2077/133 1994/2095/133
f 2000/2096/133 1919/2082/133 1920/2083/133 1996/2094/133
f 1905/2089/130 1907/2088/130 1917/2088/130 1918/2089/130
f 1991/2097/129 1905/2089/129 1918/2089/129 1992/2097/129
f 1999/2098/131 1911/2082/131 1919/2082/131 2000/2096/131
f 1987/2092/131 1960/2099/131 1976/2099/131 1988/2100/131
f 1960/2099/131 1959/2101/131 1975/2101/131 1976/2099/131
f 1959/2101/131 1958/2102/131 1974/2102/131 1975/2101/131
f 1958/2102/131 1957/2103/131 1973/2103/131 1974/2102/131
f 1957/2103/131 1956/2104/131 1972/2104/131 1973/2103/131
f 1956/2104/131 1955/2105/131 1971/2105/131 1972/2104/131
f 1955/2105/131 1954/2106/131 1970/2106/131 1971/2105/131
f 1954/2106/131 1953/2107/131 1969/2107/131 1970/2106/131
f 1995/2094/129 1968/2108/129 1984/2108/129 1996/2094/129
f 1968/2108/129 1967/2109/129 1983/2109/129 1984/2108/129
f 1967/2109/129 1966/2110/129 1982/2110/129 1983/2109/129
f 1966/2110/129 1965/2111/129 1981/2111/129 1982/2110/129
f 1965/2111/129 1964/2112/129 1980/2112/129 1981/2111/129
f 1964/2112/129 1963/2113/129 1979/2113/129 1980/2112/129
f 1963/2113/129 1962/2114/129 1978/2114/129 1979/2113/129
f 1962/2114/129 1961/2115/129 1977/2115/129 1978/2114/129
f 1988/2100/133 1976/2099/133 1977/2115/133 1992/2097/133
f 1976/2099/133 1975/2101/133 1978/2114/133 1977/2115/133
f 1975/2101/133 1974/2102/133 1979/2113/133 1978/2114/133
f 1974/2102/133 1973/2103/133 1980/2112/133 1979/2113/133
f 1973/2103/133 1972/2104/133 1981/2111/133 1980/2112/133
f 1972/2104/133 1971/2105/133 1982/2110/133 1981/2111/133
f 1971/2105/133 1970/2106/133 1983/2109/133 1982/2110/133
f 1970/2106/133 1969/2107/133 1984/2108/133 1983/2109/133
f 1991/2097/133 1961/2115/133 1937/2116/133 1990/2117/133
f 1961/2115/133 1962/2114/133 1938/2118/133 1937/2116/133
f 1962/2114/133 1963/2113/133 1939/2119/133 1938/2118/133
f 1963/2113/133 1964/2112/133 1940/2120/133 1939/2119/133
f 1964/2112/133 1965/2111/133 1941/2121/133 1940/2120/133
f 1965/2111/133 1966/2110/133 1942/2122/133 1941/2121/133
f 1966/2110/133 1967/2109/133 1943/2123/133 1942/2122/133
f 1967/2109/133 1968/2108/133 1944/2124/133 1943/2123/133
f 1999/2098/133 1953/2107/133 1921/2125/133 1997/2126/133
f 1953/2107/133 1954/2106/133 1922/2127/133 1921/2125/133
f 1954/2106/133 1955/2105/133 1923/2128/133 1922/2127/133
f 1955/2105/133 1956/2104/133 1924/2129/133 1923/2128/133
f 1956/2104/133 1957/2103/133 1925/2130/133 1924/2129/133
f 1957/2103/133 1958/2102/133 1926/2131/133 1925/2130/133
f 1958/2102/133 1959/2101/133 1927/2132/133 1926/2131/133
f 1959/2101/133 1960/2099/133 1928/2133/133 1927/2132/133
f 1993/2134/132 1936/2135/132 1945/2136/132 1998/2137/132
f 1936/2135/132 1935/2138/132 1946/2139/132 1945/2136/132
f 1935/2138/132 1934/2140/132 1947/2141/132 1946/2139/132
f 1934/2140/132 1933/2142/132 1948/2143/132 1947/2141/132
f 1933/2142/132 1932/2144/132 1949/2145/132 1948/2143/132
f 1932/2144/132 1931/2146/132 1950/2147/132 1949/2145/132
f 1931/2146/132 1930/2148/132 1951/2149/132 1950/2147/132
f 1930/2148/132 1929/2150/132 1952/2151/132 1951/2149/132
f 2027/2152/132 2028/2153/132 2099/2153/132 2100/2152/132
f 2068/2154/132 2065/2155/132 2138/2155/132 2139/2154/132
f 2013/2156/132 2014/2157/132 2085/2157/132 2086/2156/132
f 2026/2158/132 2027/2152/132 2100/2152/132 2097/2158/132
f 2065/2155/132 2066/2159/132 2137/2159/132 2138/2155/132
f 2028/2153/132 2025/2160/132 2098/2160/132 2099/2153/132
f 2039/2161/132 2040/2162/132 2111/2162/132 2112/2161/132
f 2025/2160/132 2026/2158/132 2097/2158/132 2098/2160/132
f 2038/2163/132 2039/2161/132 2112/2161/132 2109/2163/132
f 2040/2162/132 2037/2164/132 2110/2164/132 2111/2162/132
f 2051/2165/132 2052/2166/132 2123/2166/132 2124/2165/132
f 2037/2164/132 2038/2163/132 2109/2163/132 2110/2164/132
f 2050/2167/132 2051/2165/132 2124/2165/132 2121/2167/132
f 2011/2168/132 2012/2169/132 2083/2169/132 2084/2168/132
f 2052/2166/132 2049/2170/132 2122/2170/132 2123/2166/132
f 2063/2171/132 2064/2172/132 2135/2172/132 2136/2171/132
f 1913/2071/129 1908/2070/129 1989/2173/129 1985/2174/129
f 1905/2089/133 1991/2097/133 1990/2117/133 1914/2090/133
f 1917/2088/133 1988/2100/133 1992/2097/133 1918/2089/133
f 1907/2088/131 1987/2092/131 1988/2100/131 1917/2088/131
f 1961/2115/129 1991/2097/129 1992/2097/129 1977/2115/129
f 1960/2099/133 1987/2092/133 1985/2093/133 1928/2133/133
f 1929/2150/132 1989/2084/132 1986/2087/132 1952/2151/132
f 2010/2175/132 2011/2168/132 2084/2168/132 2081/2175/132
f 1916/2077/131 1910/2076/131 1998/2176/131 1994/2177/131
f 1912/2074/132 1993/2134/132 1998/2137/132 1910/2076/132
f 1911/2082/133 1999/2098/133 1997/2126/133 1915/2075/133
f 1909/2083/129 1995/2094/129 1996/2094/129 1920/2083/129
f 1953/2107/131 1999/2098/131 2000/2096/131 1969/2107/131
f 1969/2107/133 2000/2096/133 1996/2094/133 1984/2108/133
f 1968/2108/133 1995/2094/133 1994/2095/133 1944/2124/133
f 2049/2170/132 2050/2167/132 2121/2167/132 2122/2170/132
f 1994/2177/131 1998/2176/131 2002/2178/131 2001/2179/131
f 1998/2176/131 1945/2180/131 2003/2181/131 2002/2178/131
f 1945/2180/131 1944/2182/131 2004/2183/131 2003/2181/131
f 1944/2182/131 1994/2177/131 2001/2179/131 2004/2183/131
f 1944/2182/131 1945/2180/131 2006/2184/131 2005/2185/131
f 1945/2180/131 1946/2186/131 2007/2187/131 2006/2184/131
f 1946/2186/131 1943/2188/131 2008/2189/131 2007/2187/131
f 1943/2188/131 1944/2182/131 2005/2185/131 2008/2189/131
f 1943/2188/131 1946/2186/131 2010/2175/131 2009/2190/131
f 1946/2186/131 1947/2191/131 2011/2168/131 2010/2175/131
f 1947/2191/131 1942/2192/131 2012/2169/131 2011/2168/131
f 1942/2192/131 1943/2188/131 2009/2190/131 2012/2169/131
f 1942/2192/131 1947/2191/131 2014/2157/131 2013/2156/131
f 1947/2191/131 1948/2193/131 2015/2194/131 2014/2157/131
f 1948/2193/131 1941/2195/131 2016/2196/131 2015/2194/131
f 1941/2195/131 1942/2192/131 2013/2156/131 2016/2196/131
f 1941/2195/131 1948/2193/131 2018/2197/131 2017/2198/131
f 1948/2193/131 1949/2199/131 2019/2200/131 2018/2197/131
f 1949/2199/131 1940/2201/131 2020/2202/131 2019/2200/131
f 1940/2201/131 1941/2195/131 2017/2198/131 2020/2202/131
f 1940/2201/131 1949/2199/131 2022/2203/131 2021/2204/131
f 1949/2199/131 1950/2205/131 2023/2206/131 2022/2203/131
f 1950/2205/131 1939/2207/131 2024/2208/131 2023/2206/131
f 1939/2207/131 1940/2201/131 2021/2204/131 2024/2208/131
f 1939/2207/131 1950/2205/131 2026/2158/131 2025/2160/131
f 1950/2205/131 1951/2209/131 2027/2152/131 2026/2158/131
f 1951/2209/131 1938/2210/131 2028/2153/131 2027/2152/131
f 1938/2210/131 1939/2207/131 2025/2160/131 2028/2153/131
f 1938/2210/131 1951/2209/131 2030/2211/131 2029/2212/131
f 1951/2209/131 1952/2213/131 2031/2214/131 2030/2211/131
f 1952/2213/131 1937/2215/131 2032/2216/131 2031/2214/131
f 1937/2215/131 1938/2210/131 2029/2212/131 2032/2216/131
f 1985/2174/129 1989/2173/129 2034/2217/129 2033/2218/129
f 1989/2173/129 1929/2219/129 2035/2220/129 2034/2217/129
f 1929/2219/129 1928/2221/129 2036/2222/129 2035/2220/129
f 1928/2221/129 1985/2174/129 2033/2218/129 2036/2222/129
f 1928/2221/129 1929/2219/129 2038/2163/129 2037/2164/129
f 1929/2219/129 1930/2223/129 2039/2161/129 2038/2163/129
f 1930/2223/129 1927/2224/129 2040/2162/129 2039/2161/129
f 1927/2224/129 1928/2221/129 2037/2164/129 2040/2162/129
f 1927/2224/129 1930/2223/129 2042/2225/129 2041/2226/129
f 1930/2223/129 1931/2227/129 2043/2228/129 2042/2225/129
f 1931/2227/129 1926/2229/129 2044/2230/129 2043/2228/129
f 1926/2229/129 1927/2224/129 2041/2226/129 2044/2230/129
f 1926/2229/129 1931/2227/129 2046/2231/129 2045/2232/129
f 1931/2227/129 1932/2233/129 2047/2234/129 2046/2231/129
f 1932/2233/129 1925/2235/129 2048/2236/129 2047/2234/129
f 1925/2235/129 1926/2229/129 2045/2232/129 2048/2236/129
f 1925/2235/129 1932/2233/129 2050/2167/129 2049/2170/129
f 1932/2233/129 1933/2237/129 2051/2165/129 2050/2167/129
f 1933/2237/129 1924/2238/129 2052/2166/129 2051/2165/129
f 1924/2238/129 1925/2235/129 2049/2170/129 2052/2166/129
f 1924/2238/129 1933/2237/129 2054/2239/129 2053/2240/129
f 1933/2237/129 1934/2241/129 2055/2242/129 2054/2239/129
f 1934/2241/129 1923/2243/129 2056/2244/129 2055/2242/129
f 1923/2243/129 1924/2238/129 2053/2240/129 2056/2244/129
f 1923/2243/129 1934/2241/129 2058/2245/129 2057/2246/129
f 1934/2241/129 1935/2247/129 2059/2248/129 2058/2245/129
f 1935/2247/129 1922/2249/129 2060/2250/129 2059/2248/129
f 1922/2249/129 1923/2243/129 2057/2246/129 2060/2250/129
f 1922/2249/129 1935/2247/129 2062/2251/129 2061/2252/129
f 1935/2247/129 1936/2253/129 2063/2171/129 2062/2251/129
f 1936/2253/129 1921/2254/129 2064/2172/129 2063/2171/129
f 1921/2254/129 1922/2249/129 2061/2252/129 2064/2172/129
f 1937/2215/131 1952/2213/131 2066/2159/131 2065/2155/131
f 1952/2213/131 1986/2079/131 2067/2255/131 2066/2159/131
f 1986/2079/131 1990/2078/131 2068/2154/131 2067/2255/131
f 1990/2078/131 1937/2215/131 2065/2155/131 2068/2154/131
f 1921/2254/129 1936/2253/129 2070/2256/129 2069/2257/129
f 1936/2253/129 1993/2073/129 2071/2258/129 2070/2256/129
f 1993/2073/129 1997/2072/129 2072/2259/129 2071/2258/129
f 1997/2072/129 1921/2254/129 2069/2257/129 2072/2259/129
f 2081/2175/133 2084/2168/133 2156/2168/133 2153/2175/133
f 2110/2164/130 2109/2163/130 2181/2163/130 2182/2164/130
f 2133/2251/133 2136/2171/133 2208/2171/133 2205/2251/133
f 2083/2169/132 2082/2190/132 2154/2190/132 2155/2169/132
f 2108/2220/128 2107/2222/128 2179/2222/128 2180/2220/128
f 2135/2172/132 2134/2252/132 2206/2252/132 2207/2172/132
f 2082/2190/128 2081/2175/128 2153/2175/128 2154/2190/128
f 2105/2217/133 2108/2220/133 2180/2220/133 2177/2217/133
f 2134/2252/130 2133/2251/130 2205/2251/130 2206/2252/130
f 2080/2187/130 2079/2189/130 2151/2189/130 2152/2187/130
f 2107/2222/132 2106/2218/132 2178/2218/132 2179/2222/132
f 2132/2248/128 2131/2250/128 2203/2250/128 2204/2248/128
f 2077/2184/133 2080/2187/133 2152/2187/133 2149/2184/133
f 2106/2218/130 2105/2217/130 2177/2217/130 2178/2218/130
f 2129/2245/133 2132/2248/133 2204/2248/133 2201/2245/133
f 2079/2189/132 2078/2185/132 2150/2185/132 2151/2189/132
f 2104/2214/130 2103/2216/130 2175/2216/130 2176/2214/130
f 2131/2250/132 2130/2246/132 2202/2246/132 2203/2250/132
f 2016/2196/132 2013/2156/132 2086/2156/132 2087/2196/132
f 2066/2159/132 2067/2255/132 2140/2255/132 2137/2159/132
f 2053/2240/132 2054/2239/132 2125/2239/132 2126/2240/132
f 2014/2157/132 2015/2194/132 2088/2194/132 2085/2157/132
f 2067/2255/132 2068/2154/132 2139/2154/132 2140/2255/132
f 2001/2179/132 2002/2178/132 2073/2178/132 2074/2179/132
f 2056/2244/132 2053/2240/132 2126/2240/132 2127/2244/132
f 2015/2194/132 2016/2196/132 2087/2196/132 2088/2194/132
f 2004/2183/132 2001/2179/132 2074/2179/132 2075/2183/132
f 2054/2239/132 2055/2242/132 2128/2242/132 2125/2239/132
f 2041/2226/132 2042/2225/132 2113/2225/132 2114/2226/132
f 2002/2178/132 2003/2181/132 2076/2181/132 2073/2178/132
f 2055/2242/132 2056/2244/132 2127/2244/132 2128/2242/132
f 2044/2230/132 2041/2226/132 2114/2226/132 2115/2230/132
f 2003/2181/132 2004/2183/132 2075/2183/132 2076/2181/132
f 2042/2225/132 2043/2228/132 2116/2228/132 2113/2225/132
f 2029/2212/132 2030/2211/132 2101/2211/132 2102/2212/132
f 2043/2228/132 2044/2230/132 2115/2230/132 2116/2228/132
f 2032/2216/132 2029/2212/132 2102/2212/132 2103/2216/132
f 2069/2257/132 2070/2256/132 2141/2256/132 2142/2257/132
f 2030/2211/132 2031/2214/132 2104/2214/132 2101/2211/132
f 2017/2198/132 2018/2197/132 2089/2197/132 2090/2198/132
f 2072/2259/132 2069/2257/132 2142/2257/132 2143/2259/132
f 2031/2214/132 2032/2216/132 2103/2216/132 2104/2214/132
f 2020/2202/132 2017/2198/132 2090/2198/132 2091/2202/132
f 2070/2256/132 2071/2258/132 2144/2258/132 2141/2256/132
f 2057/2246/132 2058/2245/132 2129/2245/132 2130/2246/132
f 2018/2197/132 2019/2200/132 2092/2200/132 2089/2197/132
f 2071/2258/132 2072/2259/132 2143/2259/132 2144/2258/132
f 2005/2185/132 2006/2184/132 2077/2184/132 2078/2185/132
f 2060/2250/132 2057/2246/132 2130/2246/132 2131/2250/132
f 2019/2200/132 2020/2202/132 2091/2202/132 2092/2200/132
f 2008/2189/132 2005/2185/132 2078/2185/132 2079/2189/132
f 2058/2245/132 2059/2248/132 2132/2248/132 2129/2245/132
f 2045/2232/132 2046/2231/132 2117/2231/132 2118/2232/132
f 2006/2184/132 2007/2187/132 2080/2187/132 2077/2184/132
f 2059/2248/132 2060/2250/132 2131/2250/132 2132/2248/132
f 2048/2236/132 2045/2232/132 2118/2232/132 2119/2236/132
f 2007/2187/132 2008/2189/132 2079/2189/132 2080/2187/132
f 2046/2231/132 2047/2234/132 2120/2234/132 2117/2231/132
f 2033/2218/132 2034/2217/132 2105/2217/132 2106/2218/132
f 2047/2234/132 2048/2236/132 2119/2236/132 2120/2234/132
f 2036/2222/132 2033/2218/132 2106/2218/132 2107/2222/132
f 2034/2217/132 2035/2220/132 2108/2220/132 2105/2217/132
f 2021/2204/132 2022/2203/132 2093/2203/132 2094/2204/132
f 2035/2220/132 2036/2222/132 2107/2222/132 2108/2220/132
f 2024/2208/132 2021/2204/132 2094/2204/132 2095/2208/132
f 2061/2252/132 2062/2251/132 2133/2251/132 2134/2252/132
f 2022/2203/132 2023/2206/132 2096/2206/132 2093/2203/132
f 2009/2190/132 2010/2175/132 2081/2175/132 2082/2190/132
f 2064/2172/132 2061/2252/132 2134/2252/132 2135/2172/132
f 2023/2206/132 2024/2208/132 2095/2208/132 2096/2206/132
f 2012/2169/132 2009/2190/132 2082/2190/132 2083/2169/132
f 2062/2251/132 2063/2171/132 2136/2171/132 2133/2251/132
f 2146/2179/131 2145/2178/131 2148/2181/131 2147/2183/131
f 2150/2185/131 2149/2184/131 2152/2187/131 2151/2189/131
f 2154/2190/131 2153/2175/131 2156/2168/131 2155/2169/131
f 2158/2156/131 2157/2157/131 2160/2194/131 2159/2196/131
f 2162/2198/131 2161/2197/131 2164/2200/131 2163/2202/131
f 2166/2204/131 2165/2203/131 2168/2206/131 2167/2208/131
f 2170/2160/131 2169/2158/131 2172/2152/131 2171/2153/131
f 2174/2212/131 2173/2211/131 2176/2214/131 2175/2216/131
f 2178/2218/129 2177/2217/129 2180/2220/129 2179/2222/129
f 2182/2164/129 2181/2163/129 2184/2161/129 2183/2162/129
f 2186/2226/129 2185/2225/129 2188/2228/129 2187/2230/129
f 2190/2232/129 2189/2231/129 2192/2234/129 2191/2236/129
f 2194/2170/129 2193/2167/129 2196/2165/129 2195/2166/129
f 2198/2240/129 2197/2239/129 2200/2242/129 2199/2244/129
f 2202/2246/129 2201/2245/129 2204/2248/129 2203/2250/129
f 2206/2252/129 2205/2251/129 2208/2171/129 2207/2172/129
f 2210/2155/131 2209/2159/131 2212/2255/131 2211/2154/131
f 2214/2257/129 2213/2256/129 2216/2258/129 2215/2259/129
f 2136/2171/128 2135/2172/128 2207/2172/128 2208/2171/128
f 2111/2162/132 2110/2164/132 2182/2164/132 2183/2162/132
f 2084/2168/130 2083/2169/130 2155/2169/130 2156/2168/130
f 2138/2155/128 2137/2159/128 2209/2159/128 2210/2155/128
f 2109/2163/133 2112/2161/133 2184/2161/133 2181/2163/133
f 2086/2156/128 2085/2157/128 2157/2157/128 2158/2156/128
f 2139/2154/132 2138/2155/132 2210/2155/132 2211/2154/132
f 2112/2161/128 2111/2162/128 2183/2162/128 2184/2161/128
f 2087/2196/132 2086/2156/132 2158/2156/132 2159/2196/132
f 2137/2159/133 2140/2255/133 2212/2255/133 2209/2159/133
f 2114/2226/130 2113/2225/130 2185/2225/130 2186/2226/130
f 2085/2157/133 2088/2194/133 2160/2194/133 2157/2157/133
f 2140/2255/130 2139/2154/130 2211/2154/130 2212/2255/130
f 2115/2230/132 2114/2226/132 2186/2226/132 2187/2230/132
f 2088/2194/130 2087/2196/130 2159/2196/130 2160/2194/130
f 2142/2257/130 2141/2256/130 2213/2256/130 2214/2257/130
f 2113/2225/133 2116/2228/133 2188/2228/133 2185/2225/133
f 2090/2198/128 2089/2197/128 2161/2197/128 2162/2198/128
f 2143/2259/132 2142/2257/132 2214/2257/132 2215/2259/132
f 2116/2228/128 2115/2230/128 2187/2230/128 2188/2228/128
f 2091/2202/132 2090/2198/132 2162/2198/132 2163/2202/132
f 2141/2256/133 2144/2258/133 2216/2258/133 2213/2256/133
f 2118/2232/130 2117/2231/130 2189/2231/130 2190/2232/130
f 2089/2197/133 2092/2200/133 2164/2200/133 2161/2197/133
f 2144/2258/128 2143/2259/128 2215/2259/128 2216/2258/128
f 2119/2236/132 2118/2232/132 2190/2232/132 2191/2236/132
f 2092/2200/130 2091/2202/130 2163/2202/130 2164/2200/130
f 2117/2231/133 2120/2234/133 2192/2234/133 2189/2231/133
f 2094/2204/128 2093/2203/128 2165/2203/128 2166/2204/128
f 2120/2234/128 2119/2236/128 2191/2236/128 2192/2234/128
f 2095/2208/132 2094/2204/132 2166/2204/132 2167/2208/132
f 2122/2170/130 2121/2167/130 2193/2167/130 2194/2170/130
f 2093/2203/133 2096/2206/133 2168/2206/133 2165/2203/133
f 2123/2166/132 2122/2170/132 2194/2170/132 2195/2166/132
f 2096/2206/130 2095/2208/130 2167/2208/130 2168/2206/130
f 2121/2167/133 2124/2165/133 2196/2165/133 2193/2167/133
f 2098/2160/128 2097/2158/128 2169/2158/128 2170/2160/128
f 2124/2165/128 2123/2166/128 2195/2166/128 2196/2165/128
f 2099/2153/132 2098/2160/132 2170/2160/132 2171/2153/132
f 2126/2240/130 2125/2239/130 2197/2239/130 2198/2240/130
f 2097/2158/133 2100/2152/133 2172/2152/133 2169/2158/133
f 2074/2179/128 2073/2178/128 2145/2178/128 2146/2179/128
f 2127/2244/132 2126/2240/132 2198/2240/132 2199/2244/132
f 2100/2152/130 2099/2153/130 2171/2153/130 2172/2152/130
f 2075/2183/132 2074/2179/132 2146/2179/132 2147/2183/132
f 2125/2239/133 2128/2242/133 2200/2242/133 2197/2239/133
f 2102/2212/128 2101/2211/128 2173/2211/128 2174/2212/128
f 2073/2178/133 2076/2181/133 2148/2181/133 2145/2178/133
f 2128/2242/128 2127/2244/128 2199/2244/128 2200/2242/128
f 2103/2216/132 2102/2212/132 2174/2212/132 2175/2216/132
f 2076/2181/130 2075/2183/130 2147/2183/130 2148/2181/130
f 2130/2246/130 2129/2245/130 2201/2245/130 2202/2246/130
f 2101/2211/133 2104/2214/133 2176/2214/133 2173/2211/133
f 2078/2185/128 2077/2184/128 2149/2184/128 2150/2185/128
